<?xml version="1.0" encoding="utf-8"?>
<COLLADA xmlns="http://www.collada.org/2005/11/COLLADASchema" version="1.4.1" xmlns:xsi="http://www.w3.org/2001/XMLSchema-instance">
  <asset>
    <contributor>
      <author>Blender User</author>
      <authoring_tool>Blender 4.3.1 commit date:2024-12-10, commit time:07:46, hash:33d812126174</authoring_tool>
    </contributor>
    <created>2025-06-06T10:53:24</created>
    <modified>2025-06-06T10:53:24</modified>
    <unit name="meter" meter="1"/>
    <up_axis>Z_UP</up_axis>
  </asset>
  <library_effects>
    <effect id="Nr10003498_0Mat0-effect">
      <profile_COMMON>
        <technique sid="common">
          <lambert>
            <emission>
              <color sid="emission">0 0 0 1</color>
            </emission>
            <diffuse>
              <color sid="diffuse">0.69 0.69 0.69 1</color>
            </diffuse>
            <index_of_refraction>
              <float sid="ior">1.45</float>
            </index_of_refraction>
          </lambert>
        </technique>
      </profile_COMMON>
    </effect>
    <effect id="Nr10003498_0Mat1-effect">
      <profile_COMMON>
        <technique sid="common">
          <lambert>
            <emission>
              <color sid="emission">0 0 0 1</color>
            </emission>
            <diffuse>
              <color sid="diffuse">0 0 0 1</color>
            </diffuse>
            <index_of_refraction>
              <float sid="ior">1.45</float>
            </index_of_refraction>
          </lambert>
        </technique>
      </profile_COMMON>
    </effect>
  </library_effects>
  <library_images/>
  <library_materials>
    <material id="Nr10003498_0Mat0-material" name="Nr10003498_0Mat0">
      <instance_effect url="#Nr10003498_0Mat0-effect"/>
    </material>
    <material id="Nr10003498_0Mat1-material" name="Nr10003498_0Mat1">
      <instance_effect url="#Nr10003498_0Mat1-effect"/>
    </material>
  </library_materials>
  <library_geometries>
    <geometry id="_SCHUNK-1324513_F-mesh" name="_SCHUNK-1324513_F">
      <mesh>
        <source id="_SCHUNK-1324513_F-mesh-positions">
          <float_array id="_SCHUNK-1324513_F-mesh-positions-array" count="4035">15.5 -26.8468 -25.4 28.7685 -27.7815 -17.15 18.8135 32.5859 0 -18.8135 -32.5859 0 -2.75 45.2 -18.4 -0.893944 49.8531 -16.7385 19.5701 31.8294 -5.2 -38.637 10.3528 -5.5 -14.2737 27.5184 -25.4 35.507 -20.5 0 -35.507 20.5 0 32.9959 -13.9695 -25.27 -0.590835 49.8531 -16.7385 -2.25 45.2 -18.4 25.0335 -32.0283 -17.525 28.9914 -28.9914 -8.7 19.847 -30.7959 -25.4 -34.35 -7.7 -5.2 -1.9 49.725 -18.0969 9.26147 -37.6256 -25.27 1.14485 45.2 -16.7301 2.46817 45.3 -19.825 1.49485 45.2 -16.7301 -2.075 49.8531 -18.4 -1.55 45.2 -18.4 32.35 -9.2 -16.9 -1.725 49.8531 -18.4 -19.847 30.7959 -25.4 37.3501 1.0335 -15.9 -33.6 -10.499 0 -1.725 48.9 -15.4122 20.7617 23.2225 -25.4 -0.35 45.2 -18.4 0 49.725 -18.0969 2.88675 43.2 -23.4 25.3351 -30.8953 -17.2505 24.5536 -31.7046 -17.9 3.4641 46.9 -20.4 -0.175 49.8531 -18.4 -15.713 -30.7959 -15.9 0.35 45.2 -18.4 29.9437 -8.02339 -25.4 36.0821 -10.2 -16.9 35.35 -10.9321 0 0.175 49.8531 -18.4 -35.1 -10.499 0 -37.3501 1.0335 -5.2 28.9914 28.9914 -5.5 20.3675 23.3701 -25.4 30.4117 6.06895 -25.27 29.2217 -11.7905 -25.27 -2.05155 49.725 -18.1375 -0.893944 49.8531 -20.0615 15.713 -30.7959 -25.4 -1.74845 49.725 -18.1375 13.95 35.1018 -25.4 -0.590835 49.8531 -20.0615 -36.5935 1.79007 0 36.5935 -1.79007 0 33.35 -10.9321 0 1.725 48.9 -15.4122 -1.00489 49.725 -16.4995 -15.713 30.7959 -25.4 -27.954 26.8335 -25.27 -0.479889 49.725 -16.4995 -9.26147 -37.6256 -25.4 -0.151554 49.725 -18.1375 -0.829889 49.8531 -16.8026 -24.0561 -19.5527 -25.4 -0.654889 49.8531 -16.8026 1.01634 49.725 -19.7663 2.15 50.1 -18.3 0.151554 49.725 -18.1375 32.618 -10.2 -16.9 1.14445 45.2 -20.0694 34.5265 -1.79007 0 -34.5265 1.79007 0 -19.847 -30.7959 -15.9 -30.4921 6.36895 -25.4 1.62256 49.725 -19.7663 -33.7699 1.0335 -5.2 1.49445 45.2 -20.0694 0 -40 -5.5 -2 43.2 -21.8641 -1.0455 45.2 -16.826 -20.5 35.507 0 20.5 -35.507 0 -2.8366 45.25 -18.4 -1.625 48.433 -21.2146 -0.43928 45.2 -16.826 -0.742389 49.8531 -16.826 29.4298 -28.42 -18.65 1.31985 49.9 -17.0333 -41 0 -8.7 -2.05155 49.8531 -18.4875 32.5422 -23.4322 -17.9 -2.81154 50.1 -20.0232 31.7607 -24.2415 -18.5495 -1.74845 49.8531 -18.4875 -40 0 -8.7 25.2537 -31.8594 -18.5495 -17.78 28.7289 -15.9 18.8135 -32.5859 -15.9 30.7959 -22.18 -25.4 34.35 -11.2 -16.9 34.35 -7.2 -5.2 0 50.2 -21.4733 -3.24649 50.1 -18.4 17.78 32.8629 -5.2 0 50.1 -21.6465 -2.85 50.1 -18.4 1.625 48.433 -21.2146 30.4229 5.95372 -25.4 -0.151554 49.8531 -18.4875 1.31945 45.2 -20.1163 2 43.2 -21.8641 32.9959 -21.5905 -25.4 -17.78 -28.7289 -25.4 0.151554 49.8531 -18.4875 15.5 -26.8468 -25.27 -2.55477 50.2 -19.875 -12.5 37.6133 -25.27 -1.09239 45.2 -20.149 -35.507 -20.5 -5.5 39.603 -10.6116 -5.5 16.7465 -32.5859 -15.9 35.56 2.067 -15.9 -0.742389 49.725 -19.8458 17.78 28.7289 -25.4 -2.81154 50.1 -16.7768 18.8135 -29.0058 -5.2 0 -41 -5.5 -0.917389 49.8531 -20.149 -0.392389 45.2 -20.149 1.01674 45.2 -16.8583 -20 -34.641 -5.5 28.7685 -27.7815 -18.65 -0.567389 49.8531 -20.149 29.8278 -27.9014 -17.525 19.5701 -31.8294 -25.4 1.62296 45.2 -16.8583 35.35 -7.46795 -25.4 1.31985 49.8531 -16.8583 -19.5701 31.8294 -25.4 2.15 45.2 -18.5 36.0821 -8.2 -5.2 0 -40 -8.7 16.7465 -29.0058 -5.2 -2.1625 49.725 -18.2484 14.2737 27.5184 -25.27 2.81154 50.1 -20.0232 33.35 -7.46795 -25.4 -1.6375 49.725 -18.2484 29.9437 -8.02339 -25.27 28.5959 -21.5905 -25.4 -1.9875 49.8531 -18.5516 -15.9899 -31.8294 -15.9 1.23235 49.8531 -16.8817 -1.8125 49.8531 -18.5516 1.40735 49.8531 -16.8817 -0.893944 49.725 -19.8865 -2.85 45.3 -18.4 -41 0 -5.5 -0.590835 49.725 -19.8865 -10.6116 39.603 0 10.6116 -39.603 0 30.4117 6.06895 -25.4 2.85 50.1 -18.4 -0.2625 49.725 -18.2484 15.9899 -31.8294 -25.4 0 50.1 -15.1535 2.55477 50.2 -19.875 3.24649 50.1 -18.4 -34.35 -10.7 -5.2 -33.7699 -1.0335 -5.2 0.2625 49.725 -18.2484 -40 0 -5.5 -2.20311 45.2 -18.575 -0.08749997 49.8531 -18.5516 32.618 -8.2 -5.2 -15.9899 31.8294 -25.4 0.08749997 49.8531 -18.5516 -35.56 2.067 -5.2 -36.154 9.73068 -25.27 -1.59689 45.2 -18.575 -2.66154 50.2 -19.9366 -1.9 49.8531 -18.575 2.81154 50.1 -16.7768 -27.954 26.8335 -25.4 -9.26147 -37.6256 -25.27 -24.0561 -19.5527 -25.27 -14.0304 27.751 -25.27 -0.303109 45.2 -18.575 -19.5701 -31.8294 -15.9 -35.507 -20.5 -8.7 36.35 -9.2 -5.2 39.603 -10.6116 -8.7 24.8217 -19.4115 -25.4 -33.35 -10.9321 -16.9 0.303109 45.2 -18.575 0 45.2134 -15.6 0 49.8531 -18.575 -1.0455 49.725 -16.651 0 -41 -8.7 -0.917389 45.2 -16.9541 24.2217 -19.4115 -25.4 -20 -34.641 -8.7 -0.43928 49.725 -16.651 32.2817 -23.7019 -18.5495 -0.567389 45.2 -16.9541 -37.3501 -1.0335 -5.2 34.641 -20 -5.5 -19.5701 29.7624 -15.9 1.05695 49.725 -19.9179 -0.893944 49.8531 -20.2365 1.58195 49.725 -19.9179 -0.590835 49.8531 -20.2365 -35.35 -10.9321 -16.9 -30.1569 25.8196 -25.27 1.1683 49.8531 -16.9458 28.5467 -28.0187 -17.7125 1.47141 49.8531 -16.9458 32.7231 -24.1282 -18.5495 -15.9899 -29.7624 -25.4 37.3501 -1.0335 -15.9 30.7959 -22.18 -25.27 -3.4641 43.2 -20.4 2.66154 50.2 -19.9366 -28.2843 -28.2843 -5.5 1.31945 49.55 -19.4163 15.9899 29.7624 -25.4 32.35 -9.2 -5.2 32.9959 -21.5905 -25.27 25.5956 -30.6256 -17.9 -15.9899 29.7624 -15.9 24.8141 -31.4349 -18.5495 2.66603 45.2134 -18.9 -1.63541 50.0313 -15.5674 -12.5 37.6133 -25.4 -34.35 -7.2 -25.4 -0.742389 45.2 -17.001 16.7465 32.5859 -5.2 36.0821 -10.2 -5.2 -2.38157 45.2 -17.025 2.15 50.1 -18.5 -19.5701 -29.7624 -25.4 -28.9914 -28.9914 -25.4 33.7699 -1.0335 -15.9 -1.00489 49.725 -19.9974 34.5265 1.79007 -15.9 19.5701 29.7624 -25.4 28.9914 28.9914 -25.4 -0.479889 49.725 -19.9974 28.9611 -11.0568 -25.4 18.8135 32.5859 -5.2 -3.07328 50.2 -18.4 -2.95 50.2 -18.4 -0.829889 49.8531 -20.3005 14.2737 27.5184 -25.4 1.14445 49.55 -19.4632 17.78 -32.8629 -25.4 -0.654889 49.8531 -20.3005 1.63541 50.0313 -15.5674 -4.87134 39.4 -25.27 16.7465 29.0058 -15.9 -34.35 -7.7 0 1.49445 49.55 -19.4632 34.3812 19.85 -25.27 34.641 -20 -8.7 28.5959 -21.5905 -25.27 -2.81458 47.333 -20.025 -17.78 32.8629 -25.4 -32.618 -8.2 -25.4 36.5935 1.79007 -15.9 32.618 -10.2 -5.2 -1.0455 45.2 -20.324 17.78 -28.7289 -5.2 -3.25 47.333 -18.4 29.2 -28.7195 -17.2505 -15.5 -26.8468 -25.4 -2.20311 49.725 -18.4 -2.45657 45.25 -16.9817 -34.6064 -19.98 -25.4 3.4641 43.2 -20.4 -0.43928 45.2 -20.324 0.969851 45.2 -17.0333 0 47.333 -21.65 -2.075 45.2 -18.7031 18.8135 29.0058 -15.9 1.31985 49.725 -16.7301 -0.742389 49.8531 -20.324 26.1562 -31.1669 -17.9 -1.59689 49.725 -18.4 -17.78 -32.8629 -15.9 -1.725 45.2 -18.7031 2.38157 45.2 -17.025 1.14485 49.8531 -17.0333 1.66985 45.2 -17.0333 -36.154 9.73068 -25.4 26.0756 -31.2288 -17.525 -8.43094 38.7944 -25.27 -28.2843 -28.2843 -8.7 1.49485 49.8531 -17.0333 -2.81458 47.333 -16.775 28.6421 -27.92 -17.5752 -0.303109 49.725 -18.4 -14.0304 27.751 -25.4 -35.56 -2.067 -5.2 -0.175 45.2 -18.7031 33.493 0 0 -33.493 0 0 1.1679 49.725 -20.0288 0.303109 49.725 -18.4 -36.0821 -8.2 -25.4 0.175 45.2 -18.7031 1.47101 49.725 -20.0288 -2.46817 50.1 -16.975 24.8217 -19.4115 -25.27 -36.5935 1.79007 -5.2 34.35 -11.2 -5.2 24.2217 -19.4115 -25.27 2.95 50.2 -18.4 34.6064 -15.58 -25.4 -19.847 30.7959 -15.9 3.07328 50.2 -18.4 2.20359 45.2 -18.7 1.1683 49.725 -16.7708 2.81458 47.333 -20.025 -32.35 -9.2 -25.4 1.47141 49.725 -16.7708 -30.1569 25.8196 -25.4 -34.5265 1.79007 -5.2 2.45657 45.25 -16.9817 0 46.9 -22.4 -1.9 45.2 -18.75 -1.00489 49.725 -16.8026 -15.713 -30.7959 -25.4 24.5217 -19.3311 -25.4 0 47.333 -15.15 34.641 20 -8.7 -0.479889 49.725 -16.8026 25.3351 -30.8953 -18.5495 -1.58664 50.1732 -21.1481 3.25 47.333 -18.4 15.713 30.7959 -25.4 -37.627 0 0 37.627 0 0 1.31945 49.725 -20.0694 39.603 10.6116 -8.7 12.5 37.6133 -25.27 0 45.2 -18.75 2.81458 47.333 -16.775 -31 0 -25.27 28.5118 -28.0549 -17.9 -0.742389 49.55 -16.301 2.46817 50.1 -16.975 10.6116 39.603 0 -10.6116 -39.603 0 28.9217 -11.2708 -25.4 35.56 -2.067 -15.9 -2.46817 45.3 -16.975 4.87134 39.4 -25.27 -15.713 30.7959 -15.9 -2.66154 50.2 -16.8634 -36.35 -9.2 -25.4 34.35 -7.2 0 32.0953 -24.9462 -18.275 32.4724 -23.5045 -18.275 1.58664 50.1732 -21.1481 -19.847 -30.7959 -25.4 1.1683 49.8531 -17.1208 -41 0 0 41 0 0 1.47141 49.8531 -17.1208 -41 0 -25.4 29.2197 -27.3142 -17.525 19.847 30.7959 -25.4 -32.618 -10.2 -25.4 28.9611 -11.0568 -25.27 1.01634 49.55 -19.5913 19.5701 -29.7624 -5.2 -18.8135 29.0058 0 18.8135 -29.0058 0 -4.87134 39.4 -25.4 1.62256 49.55 -19.5913 34.3812 19.85 -25.4 32.9528 -23.8287 -17.9 -0.917389 49.55 -16.3479 -1.0455 49.725 -20.149 -0.567389 49.55 -16.3479 -0.917389 45.2 -20.4521 -33.6 -7.90096 -5.2 36.0821 -8.2 0 -0.43928 49.725 -20.149 2.46817 45.3 -16.975 -0.567389 45.2 -20.4521 -15.5 -26.8468 -25.27 -34.6064 -19.98 -25.27 18.8135 -32.5859 -25.4 -16.7465 29.0058 0 16.7465 -29.0058 0 34.641 20 -5.5 21.9203 -21.9203 -25.4 -37.627 0 -25.4 2.66154 50.2 -16.8634 -36.0821 -10.2 -25.4 -18.8135 32.5859 -25.4 32.4933 -24.4276 -17.15 -8.43094 38.7944 -25.4 35.35 -7.46795 -16.9 -35.1 -7.90096 -5.2 39.603 10.6116 -5.5 15.9899 -29.7624 -5.2 -37.4389 13.2069 -25.27 -2.55477 50.2 -16.925 16.7465 -32.5859 -25.4 -2.1625 49.725 -18.5516 1.05735 49.725 -16.8817 17.78 28.7289 -15.9 -16.7465 -32.5859 -15.9 -34.35 -10.7 0 -33.7699 -1.0335 0 33.7699 1.0335 0 -1.6375 49.725 -18.5516 1.58235 49.725 -16.8817 -13.5615 36.5518 -25.27 31.57 -24.4389 -18.275 2.20359 50.1 -18.7 1.23235 49.8531 -17.1848 -16.7465 32.5859 -25.4 33.35 -7.46795 -16.9 32.618 -8.2 0 1.40735 49.8531 -17.1848 38.637 -10.3528 -5.5 -0.893944 49.725 -16.9135 -2.88675 40.7 -13.4 -0.590835 49.725 -16.9135 34.6064 -15.58 -25.27 28.3173 -28.2487 -17.525 -34.5265 -1.79007 -5.2 -0.2625 49.725 -18.5516 14.0304 27.751 -25.27 -19.5701 31.8294 -15.9 -2.27873 40.7 -13.4 -0.742389 45.2 -20.499 -1.9 49.55 -18.05 0.2625 49.725 -18.5516 -18.8135 -32.5859 -15.9 1.01674 45.2 -17.2083 -33.493 0 -25.4 8.43094 38.7944 -25.27 -34.35 -11.2 -25.4 29.0328 -27.5153 -17.9 -16.7465 -29.0058 -5.2 36.35 -9.2 0 1.62296 45.2 -17.2083 24.5217 -19.3311 -25.27 20.5 35.507 0 -20.5 -35.507 0 1.31985 49.8531 -17.2083 -15.9899 -31.8294 -25.4 2.35 45.2 -18.8464 -36.5935 -1.79007 -5.2 -37.3501 -1.0335 0 37.3501 1.0335 0 -1.4 45.2134 -20.8249 0 49.55 -18.05 15.9899 31.8294 -25.4 2.55477 50.2 -16.925 12.5 37.6133 -25.4 28.9914 -28.9914 -18.0286 -28.9914 -28.9914 -5.5 -31 0 -25.4 -18.8135 -29.0058 -5.2 -35.507 20.5 -8.7 -28.9914 28.9914 0 28.9914 -28.9914 0 -0.742389 49.725 -16.9541 -29.404 26.445 -25.27 28.9217 -11.2708 -25.27 -15.9899 31.8294 -15.9 4.87134 39.4 -25.4 0 50.2 -15.3267 -2.81458 48.433 -20.025 2.27873 40.7 -13.4 -2.075 49.55 -18.0969 1.4 45.2134 -20.8249 32.35 -9.2 0 -5.7735 40.7 -18.4 -19.5701 -31.8294 -25.4 -1.725 49.55 -18.0969 -3.25 48.433 -18.4 2.88675 40.7 -13.4 -33.051 -9.95 -5.2 -32.9959 -13.9695 -25.4 36.5935 -1.79007 -15.9 0 48.433 -21.65 19.5701 31.8294 -25.4 -26.504 26.445 -25.27 19.847 -30.7959 -5.2 -0.175 49.55 -18.0969 28.9026 -27.6502 -18.2248 38.637 -10.3528 -8.7 0 46.9 -14.4 -2.81458 48.433 -16.775 36.0821 -10.2 0 0.175 49.55 -18.0969 25.5258 -30.6979 -18.275 30.4921 6.36895 -25.27 0 45.25 -15.5634 2.55 45.2 -18.9 2.61603 45.2 -18.9 0 45.2 -15.65 -1.0455 49.55 -16.476 34.5265 -1.79007 -15.9 -35.649 -9.95 -5.2 -0.43928 49.55 -16.476 -34.35 -7.2 -16.9 -1.4 45.2134 -15.9751 37.3501 -1.0335 -25.4 -2.05155 49.725 -18.6625 37.2155 10.7922 -25.27 0 50.1 -15.55 21.9203 -21.9203 -25.27 15.9899 29.7624 -15.9 -1.74845 49.725 -18.6625 -37.3501 1.0335 -25.4 2.81458 48.433 -20.025 -1.00489 49.725 -20.3005 -37.4389 13.2069 -25.4 32.618 -10.2 0 -28.9914 -28.9914 -8.7 32.4933 -24.4276 -18.65 -0.479889 49.725 -20.3005 15.713 -30.7959 -5.2 -35.507 20.5 -5.5 -17.78 28.7289 0 17.78 -28.7289 0 0.969454 49.55 -19.7663 -20.5 35.507 -8.7 -0.151554 49.725 -18.6625 0 48.433 -15.15 0.151554 49.725 -18.6625 -1.62324 50.1 -15.5885 1.4 45.2134 -15.9751 -13.5615 36.5518 -25.4 1.66945 49.55 -19.7663 3.25 48.433 -18.4 -1.725 48.633 -21.3878 -30.7117 6.58857 -25.27 33.7699 -1.0335 -25.4 -0.742389 49.55 -19.799 -32.618 -8.2 -16.9 2.81458 48.433 -16.775 32.0338 -25.0265 -17.9 14.0304 27.751 -25.4 19.5701 29.7624 -15.9 1.01674 49.725 -17.0333 -33.7699 1.0335 -25.4 -35.56 -2.067 0 35.56 2.067 0 -1.9 49.725 -18.7031 1.14485 45.2 -17.3364 33.493 0 -5.2 2.35 50.1 -18.8464 1.62296 49.725 -17.0333 24.6234 -31.6323 -18.275 1.49485 45.2 -17.3364 8.43094 38.7944 -25.4 27.954 26.8335 -25.27 0 45.3 -15.55 34.35 -11.2 0 1.62324 50.1 -15.5885 -17.78 32.8629 -15.9 1.725 48.633 -21.3878 0 49.725 -18.7031 -29.9437 -8.02339 -25.4 32.8913 -23.909 -17.525 0 43.2 -22.4 28.9979 -27.5515 -18.0875 2.70263 45.25 -18.9 -36.0821 -8.2 -16.9 0 50.2 -15.45 -17.78 -32.8629 -25.4 -2.88675 40.7 -23.4 -37.604 12.2422 -25.27 -29.404 26.445 -25.4 29.2 -28.7195 -18.5495 5.7735 40.7 -18.4 -2.27873 40.7 -23.4 -0.917389 49.55 -19.8458 17.78 32.8629 -25.4 -0.567389 49.55 -19.8458 29.0318 -28.9387 -17.525 -2.20311 49.55 -18.225 37.627 0 -5.2 -17.78 -28.7289 -5.2 -1.59689 49.55 -18.225 -32.35 -9.2 -16.9 -17.4444 25.626 -25.27 28.508 -28.0512 -17.2505 1.31985 45.2 -17.3833 -32.9959 -13.9695 -25.27 -20.5 35.507 -5.5 2.55 50.1 -18.9 2.71603 50.1 -18.9 -0.303109 49.55 -18.225 -26.504 26.445 -25.4 19.5701 -31.8294 -5.2 0.303109 49.55 -18.225 35.35 -7.46795 -5.2 -10.6116 39.603 -8.7 -39.603 -10.6116 -25.4 30.4921 6.36895 -25.4 39.603 10.6116 -25.4 9.65 -36.1756 -25.4 -0.893944 49.725 -20.4115 2.27873 40.7 -23.4 -2.27873 40.7 -8.7 -24.2217 -19.4115 -25.4 -0.590835 49.725 -20.4115 38.637 10.3528 -8.7 33.35 -7.46795 -5.2 -36.35 -9.2 -16.9 2.88675 40.7 -23.4 37.2155 10.7922 -25.4 15.713 30.7959 -15.9 -24.8217 -19.4115 -25.4 -19.5701 29.7624 0 19.5701 -29.7624 0 -18.8135 29.0058 -5.2 -13.95 28.051 -25.27 -35.507 -20.5 0 35.507 20.5 0 39.603 -10.6116 0 -39.603 10.6116 0 7.28193 -39.0264 -25.4 15.9899 -31.8294 -5.2 35.56 -2.067 -25.4 0 41 0 0 -41 0 -33.6 -7.90096 0 -32.618 -10.2 -16.9 -16.7465 29.0058 -5.2 2.71603 45.3 -18.9 -30.7959 -22.18 -25.4 -35.56 2.067 -25.4 0 48.633 -14.95 -1.09239 49.55 -16.651 -30.7117 6.58857 -25.4 -35.1 -7.90096 0 -0.742389 49.725 -20.4521 -28.5959 -21.5905 -25.4 13.5615 36.5518 -25.27 -0.392389 49.55 -16.651 -15.9899 29.7624 0 15.9899 -29.7624 0 32.0212 -23.9717 -17.15 2.27873 40.7 -8.7 19.847 30.7959 -15.9 33.7699 1.0335 -5.2 27.954 26.8335 -25.4 -36.0821 -10.2 -16.9 -10.3528 38.637 -8.7 -1.375 45.2 -20.7816 -10.6116 39.603 -5.5 -29.9437 -8.02339 -25.27 -34.5265 -1.79007 0 34.5265 1.79007 0 1.05735 49.725 -17.1848 1.01634 49.55 -19.9413 28.9914 -28.9914 -17.7714 1.58235 49.725 -17.1848 -28.2843 28.2843 -8.7 1.62256 49.55 -19.9413 -15.9899 -29.7624 -5.2 29.029 -27.5117 -17.2505 -37.627 0 -15.9 16.7465 29.0058 0 -16.7465 -29.0058 0 -37.604 12.2422 -25.4 38.637 10.3528 -5.5 28.2475 -28.321 -17.9 -1.0455 49.55 -19.974 -18.8135 32.5859 -15.9 -32.9959 -21.5905 -25.4 -0.43928 49.55 -19.974 -1.625 47.333 -15.5854 -36.5935 -1.79007 0 36.5935 1.79007 0 1.375 45.2 -20.7816 37.3501 1.0335 -5.2 1.31985 49.55 -16.6833 -2.98779 48.633 -16.675 -17.4444 25.626 -25.4 -16.7465 -32.5859 -25.4 35.1959 -17.78 -25.4 -18.8135 -29.0058 0 18.8135 29.0058 0 -34.35 -11.2 -16.9 -16.7465 32.5859 -15.9 32.2635 -24.727 -17.2505 16.7465 32.5859 -25.4 -19.5701 -29.7624 -5.2 0 50.1732 -21.5733 -18.8135 -32.5859 -25.4 -33.493 0 -15.9 1.625 47.333 -15.5854 35.507 -20.5 -25.4 -33.051 -9.95 0 9.65 -36.1756 -25.27 18.8135 32.5859 -25.4 -24.2217 -19.4115 -25.27 -35.507 20.5 -25.4 17.78 -32.8629 -5.2 0 43.2 -14.4 -20 34.641 -8.7 -33.35 -7.46795 -25.4 30.1569 25.8196 -25.27 -2.25 49.55 -18.4 -19.847 30.7959 0 19.847 -30.7959 0 1.14485 49.55 -16.7301 -24.8217 -19.4115 -25.27 -10.3528 38.637 -5.5 -2.74814 50.1732 -19.9866 15.9899 31.8294 -15.9 1.49485 49.55 -16.7301 -1.55 49.55 -18.4 -13.95 28.051 -25.4 7.28193 -39.0264 -25.27 -35.649 -9.95 0 -28.2843 28.2843 -5.5 2.98779 48.633 -16.675 9.65 -29.4598 -25.4 -0.35 49.55 -18.4 -35.35 -7.46795 -25.4 35.35 -10.9321 -25.4 -24.5217 -19.3311 -25.4 -30.7959 -22.18 -25.27 0.35 49.55 -18.4 -7.28193 -39.0264 -25.4 -28.5959 -21.5905 -25.27 36.5935 -1.79007 -25.4 13.5615 36.5518 -25.4 -3.45 48.633 -18.4 33.35 -10.9321 -25.4 19.5701 31.8294 -15.9 -15.713 30.7959 0 15.713 -30.7959 0 -17.78 28.7289 -5.2 1.1683 49.725 -17.2958 -36.5935 1.79007 -25.4 -3.4641 46.9 -16.4 32.0212 -23.9717 -18.65 1.47141 49.725 -17.2958 28.7723 -27.7851 -18.275 -21.9203 -21.9203 -25.4 -3.17328 50.1732 -18.4 -9.65 -36.1756 -25.4 34.5265 -1.79007 -25.4 2.74814 50.1732 -19.9866 25.0746 -31.1651 -17.15 0 45.2134 -21.2 10.6116 39.603 -8.7 29.002 -11.5708 -25.4 25.0335 -32.0283 -18.275 1.14445 49.55 -20.0694 2.66603 45.2134 -17.9 -34.5265 1.79007 -25.4 20.5 -35.507 -25.4 -32.85 -9.2 -5.2 1.49445 49.55 -20.0694 35.56 2.067 -5.2 -15.713 -30.7959 -5.2 24.9529 -32.0902 -17.9 18.8135 -29.0058 -15.9 40 0 -8.7 -20 34.641 -5.5 -1.0455 49.55 -16.826 -20.5 35.507 -25.4 -37.3501 1.0335 -15.9 -1.375 45.2 -16.0184 -34.641 -20 -5.5 36.154 9.73068 -25.27 -32.9959 -21.5905 -25.27 -0.43928 49.55 -16.826 41 0 -8.7 -1.53664 50.2 -15.7385 -1.4183 45.25 -20.8566 1.31985 49.725 -17.3364 -1.4183 45.25 -15.9434 -39.603 -10.6116 -5.5 -28.775 -11.5326 -25.4 16.7465 -29.0058 -15.9 35.1959 -17.78 -25.27 -35.85 -9.2 -5.2 1.375 45.2 -16.0184 -2.74814 50.1732 -16.8134 3.45 48.633 -18.4 -1.425 50.1 -15.9318 -19.847 -30.7959 -5.2 1.31945 49.55 -20.1163 -33.7699 1.0335 -15.9 -17.78 -28.7289 0 17.78 28.7289 0 1.4183 45.25 -20.8566 3.17328 50.1732 -18.4 3.4641 46.9 -16.4 1.53664 50.2 -15.7385 1.4183 45.25 -15.9434 -33.7699 -1.0335 -15.9 -1.09239 49.55 -20.149 -0.392389 49.55 -20.149 1.01674 49.55 -16.8583 30.1569 25.8196 -25.4 -2.98779 48.633 -20.125 -21.0617 23.3029 -25.27 -1.425 50.1 -20.8682 10.3528 38.637 -8.7 -19.5701 31.8294 0 19.5701 -31.8294 0 1.62296 49.55 -16.8583 35.35 -7.46795 0 -20.4617 23.3029 -25.27 0 -39.7 -25.4 1.425 50.1 -15.9318 10.6116 39.603 -5.5 9.65 -29.4598 -25.27 18.8135 -32.5859 -5.2 40 0 -5.5 -24.5217 -19.3311 -25.27 17.78 32.8629 -15.9 -37.3501 -1.0335 -15.9 33.35 -7.46795 0 -34.641 -20 -8.7 13.95 28.051 -25.27 -19.5701 29.7624 -5.2 10.6116 -39.603 -25.4 -7.28193 -39.0264 -25.27 1.425 50.1 -20.8682 41 0 -5.5 -1.425 45.3 -15.9318 2.74814 50.1732 -16.8134 -10.6116 39.603 -25.4 -39.603 -10.6116 -8.7 16.7465 -32.5859 -5.2 29.2895 -27.2419 -17.9 -15.9899 31.8294 0 15.9899 -31.8294 0 31 0 -25.27 20.5 35.507 -8.7 28.508 -28.0512 -18.5495 -2.20311 49.55 -18.575 -1.63541 50.0313 -21.2326 -1.625 48.433 -15.5854 17.4444 25.626 -25.27 -1.59689 49.55 -18.575 -21.9203 -21.9203 -25.27 -2.27873 40.7 -25.4 -1.425 45.3 -20.8682 -9.65 -36.1756 -25.27 28.9979 -27.5515 -17.7125 0 50.1732 -15.2267 -30.4229 5.95372 -25.27 2.98779 48.633 -20.125 1.425 45.3 -15.9318 -28.9914 28.9914 -8.7 -15.9899 29.7624 -5.2 -1.475 50.2 -15.8452 29.002 -11.5708 -25.27 -0.303109 49.55 -18.575 29.8278 -27.9014 -18.275 -11.9208 37.868 -25.27 25.0746 -31.1651 -18.65 0.303109 49.55 -18.575 -15.9899 -31.8294 -5.2 -0.917389 49.55 -16.9541 29.6596 -28.1206 -17.2505 -34.6064 -15.58 -25.4 -0.567389 49.55 -16.9541 1.63541 50.0313 -21.2326 -9.65 -29.4598 -25.4 36.154 9.73068 -25.4 10.3528 38.637 -5.5 1.425 45.3 -20.8682 1.625 48.433 -15.5854 34.5265 1.79007 -5.2 -28.775 -11.5326 -25.27 1.475 50.2 -15.8452 35.507 -20.5 -5.5 -35.56 2.067 -15.9 2.27873 40.7 -25.4 1.31945 45.2 -19.4163 15.9899 29.7624 0 -15.9899 -29.7624 0 16.7465 29.0058 -5.2 -2 46.9 -14.9359 36.5935 1.79007 -5.2 -19.5701 -31.8294 -5.2 -30.4117 6.06895 -25.27 17.78 -28.7289 -15.9 26.504 26.445 -25.27 0 48.633 -21.85 20.5 35.507 -5.5 18.8135 29.0058 -5.2 -1.725 48.9 -21.3878 -0.742389 49.55 -17.001 -21.0617 23.3029 -25.4 19.5701 29.7624 0 -19.5701 -29.7624 0 -28.9914 -28.9914 0 28.9914 28.9914 0 -20.4617 23.3029 -25.4 -35.56 -2.067 -15.9 0 -39.7 -25.27 -28.9914 28.9914 -5.5 1.14445 45.2 -19.4632 29.404 26.445 -25.27 -2.42487 45.2134 -19.8 2 46.9 -14.9359 1.49445 45.2 -19.4632 37.3501 -1.0335 -5.2 25.8554 -31.3977 -17.2505 -17.78 32.8629 0 17.78 -32.8629 0 29.029 -27.5117 -18.5495 -19.847 30.7959 -5.2 1.725 48.9 -21.3878 13.95 28.051 -25.4 -20.7617 23.2225 -25.27 28.9637 -29.0126 -17.9 -1.0455 49.55 -20.324 31 0 -25.4 35.507 -20.5 -8.7 -0.43928 49.55 -20.324 0.969851 49.55 -17.0333 16.7465 32.5859 -15.9 -2.075 49.55 -18.7031 20.5 -35.507 -5.5 -33.35 -7.46795 -16.9 -1.725 49.55 -18.7031 0 45.2 -21.15 1.66985 49.55 -17.0333 17.4444 25.626 -25.4 32.2635 -24.727 -18.5495 33.7699 -1.0335 -5.2 -20.3675 23.3701 -25.27 -30.4229 5.95372 -25.4 32.0953 -24.9462 -17.525 32.4724 -23.5045 -17.525 -0.175 49.55 -18.7031 2.42487 45.2134 -19.8 18.8135 32.5859 -15.9 33.493 0 -25.4 -3.4641 43.2 -16.4 -35.35 -7.46795 -16.9 -15.713 30.7959 -5.2 0.175 49.55 -18.7031 35.35 -10.9321 -16.9 -11.9208 37.868 -25.4 -34.6064 -15.58 -25.27 0 40 -8.7 -9.65 -29.4598 -25.27 -14.25 27.5314 -25.27 -1.725 48.633 -15.4122 33.35 -10.9321 -16.9 8.2 -38.6871 -25.4 -32.85 -9.2 0 -1.9 49.55 -18.75 -17.78 -32.8629 -5.2 15.713 30.7959 0 -15.713 -30.7959 0 19.5701 -29.7624 -15.9 1.31945 49.9 -19.7663 2.55 45.2 -17.9 2.61603 45.2 -17.9 37.627 0 -25.4 28.9026 -27.6502 -17.5752 -0.742389 45.2 -16.301 -10.6116 -39.603 -25.4 0 49.55 -18.75 37.4389 13.2069 -25.27 -30.4117 6.06895 -25.4 26.504 26.445 -25.4 -36.5935 1.79007 -15.9 26.0756 -31.2288 -18.275 10.6116 39.603 -25.4 34.35 -7.2 -25.4 1.725 48.633 -15.4122 -35.85 -9.2 0 20.5 -35.507 -8.7 0 48.9 -14.95 31.57 -24.4389 -17.525 30.7117 6.58857 -25.27 -1.475 50.2 -20.9548 35.507 20.5 -8.7 -39.603 10.6116 -8.7 15.9899 -29.7624 -15.9 24.0561 -19.5527 -25.4 3.4641 43.2 -16.4 10.6116 -39.603 -5.5 -34.5265 1.79007 -15.9 19.847 30.7959 0 -19.847 -30.7959 0 20 34.641 -8.7 1.01634 45.2 -19.5913 17.78 28.7289 -5.2 41 0 -25.4 -4 46.9 -18.4 18.8135 -29.0058 -25.4 29.404 26.445 -25.4 1.62256 45.2 -19.5913 1.31945 49.8531 -19.5913 -18.8135 29.0058 -25.4 -38.637 -10.3528 -5.5 2.35 45.2 -17.9536 -0.917389 45.2 -16.3479 -34.3812 19.85 -25.27 0 40 -5.5 -20.7617 23.2225 -25.4 -34.5265 -1.79007 -15.9 -0.567389 45.2 -16.3479 1.475 50.2 -20.9548 -19.5701 31.8294 -5.2 36.0821 -8.2 -25.4 16.7465 -29.0058 -25.4 34.6064 -19.98 -25.4 35.56 -2.067 -5.2 -0.917389 49.55 -20.4521 -16.7465 -29.0058 -15.9 -0.567389 49.55 -20.4521 1.23195 49.8531 -19.6148 1.40695 49.8531 -19.6148 -18.8135 32.5859 0 18.8135 -32.5859 0 -16.7465 29.0058 -25.4 -33.051 -8.45 -5.2 11.9208 37.868 -25.27 -36.5935 -1.79007 -15.9 -2.98779 48.9 -16.675 -20.3675 23.3701 -25.4 2.70263 45.25 -17.9 -33.7699 -1.0335 -25.4 -18.8135 -29.0058 -15.9 -13.95 35.1018 -25.27 -16.7465 32.5859 0 16.7465 -32.5859 0 32.618 -8.2 -25.4 -15.9899 31.8294 -5.2 33.7699 1.0335 -25.4 -35.649 -8.45 -5.2 -1.9 45.2 -18.05 35.507 20.5 -5.5 -39.603 10.6116 -5.5 29.2197 -27.3142 -18.275 -14.25 27.5314 -25.4 10.3528 -38.637 -5.5 25.5258 -30.6979 -17.525 -1.62324 50.1 -21.2115 10.6116 -39.603 -8.7 0 41 -5.5 36.35 -9.2 -25.4 20 34.641 -5.5 -0.742389 49.55 -20.499 -20.5 -35.507 -25.4 8.2 -38.6871 -25.27 1.01674 49.55 -17.2083 -34.641 20 -8.7 2.55 50.1 -17.9 0 45.25 -21.2366 28.6421 -27.92 -18.2248 2.71603 50.1 -17.9 4 46.9 -18.4 19.847 -30.7959 -15.9 -37.3501 -1.0335 -25.4 1.62296 49.55 -17.2083 28.2843 -28.2843 -5.5 20.5 35.507 -25.4 0 45.2 -18.05 15.9899 31.8294 0 -15.9899 -31.8294 0 -38.637 -10.3528 -8.7 1.1679 49.8531 -19.6788 -1.53664 50.2 -21.0615 37.3501 1.0335 -25.4 1.47101 49.8531 -19.6788 -0.742389 49.9 -16.651 28.9914 -28.9914 -25.4 2.98779 48.9 -16.675 37.4389 13.2069 -25.4 -16.7465 -32.5859 -5.2 28.2843 28.2843 -8.7 1.62324 50.1 -21.2115 -28.9914 28.9914 -25.4 -2.8 45.2134 -18.4 -8.2 -38.6871 -25.4 -2.075 45.2 -18.0969 15.9899 29.7624 -5.2 -2 43.2 -14.9359 32.35 -9.2 -25.4 -1.725 45.2 -18.0969 30.7117 6.58857 -25.4 -3.45 48.9 -18.4 24.0561 -19.5527 -25.27 -18.8135 -32.5859 -5.2 1.53664 50.2 -21.0615 19.5701 31.8294 0 -19.5701 -31.8294 0 15.713 -30.7959 -15.9 25.5545 -31.6286 -17.15 0 50.1 -21.25 -0.175 45.2 -18.0969 2.35 50.1 -17.9536 2.71603 45.3 -17.9 28.3173 -28.2487 -18.275 36.0821 -10.2 -25.4 0.175 45.2 -18.0969 24.6234 -31.6323 -17.525 -1.0455 45.2 -16.476 20 -34.641 -5.5 -34.3812 19.85 -25.4 -33.6 -10.499 -5.2 29.6596 -28.1206 -18.5495 20.4617 23.3029 -25.27 28.7736 -27.7863 -17.9 -0.43928 45.2 -16.476 19.5701 29.7624 -5.2 -0.742389 49.8531 -16.476 10.3528 -38.637 -8.7 -2.38157 45.2 -19.775 21.0617 23.3029 -25.27 2 43.2 -14.9359 34.6064 -19.98 -25.27 -34.641 20 -5.5 35.35 -10.9321 -5.2 2.20359 45.2 -18.1 -35.1 -10.499 -5.2 -37.3501 1.0335 0 37.3501 -1.0335 0 28.2843 -28.2843 -8.7 11.9208 37.868 -25.4 37.604 12.2422 -25.27 -17.78 32.8629 -5.2 32.618 -10.2 -25.4 -0.829889 49.8531 -16.4995 31.7607 -24.2415 -17.2505 -0.654889 49.8531 -16.4995 25.2537 -31.8594 -17.2505 17.78 -28.7289 -25.4 0.969454 45.2 -19.7663 36.5935 -1.79007 -5.2 1.31945 49.725 -19.4632 33.35 -10.9321 -5.2 0 45.3 -21.25 -13.95 35.1018 -25.4 1.14445 49.8531 -19.7663 1.66945 45.2 -19.7663 28.2843 28.2843 -5.5 -17.78 28.7289 -25.4 1.49445 49.8531 -19.7663 -0.742389 45.2 -19.799 3.45 48.9 -18.4 34.5265 -1.79007 -5.2 -1.58664 50.1732 -15.6519 -1.9 49.9 -18.4 2.38157 45.2 -19.775 33.7699 -1.0335 0 -33.7699 1.0335 0 -35.56 -2.067 -25.4 -17.78 -28.7289 -15.9 -3.27082 50.0313 -18.4 -2.83261 50.0313 -20.0354 35.56 2.067 -25.4 -2.88675 43.2 -13.4 1.14485 49.55 -17.3364 -10.6116 -39.603 -5.5 34.35 -11.2 -25.4 -2 46.9 -21.8641 1.49485 49.55 -17.3364 -2.83261 50.0313 -16.7646 -2.98779 48.9 -20.125 1.1679 49.725 -19.5038 0 49.9 -18.4 25.8554 -31.3977 -18.5495 19.5701 -31.8294 -15.9 1.47101 49.725 -19.5038 20 -34.641 -8.7 14.25 27.5314 -25.27 1.58664 50.1732 -15.6519 0 50.0313 -21.6708 -0.893944 49.8531 -16.5635 -0.917389 45.2 -19.8458 -37.2155 10.7922 -25.27 -0.590835 49.8531 -16.5635 17.78 32.8629 0 -17.78 -32.8629 0 -0.567389 45.2 -19.8458 -2.20311 45.2 -18.225 15.713 30.7959 -5.2 -8.2 -38.6871 -25.27 0 50.0313 -15.1292 -1.59689 45.2 -18.225 -1.9 49.8531 -18.225 2 46.9 -21.8641 15.9899 -31.8294 -15.9 33.493 0 -15.9 1.31985 49.55 -17.3833 -0.303109 45.2 -18.225 2.83261 50.0313 -20.0354 28.5467 -28.0187 -18.0875 -5.7735 43.2 -18.4 0.303109 45.2 -18.225 25.5545 -31.6286 -18.65 2.88675 43.2 -13.4 0 49.8531 -18.225 -1.625 47.333 -21.2146 -35.1959 -17.78 -25.4 2.83261 50.0313 -16.7646 1.1679 49.8531 -19.8538 3.27082 50.0313 -18.4 -1.9875 49.8531 -18.2484 1.47101 49.8531 -19.8538 -1.8125 49.8531 -18.2484 2.98779 48.9 -20.125 -39.603 -10.6116 0 39.603 10.6116 0 20.4617 23.3029 -25.4 -2.45657 45.25 -19.8183 2.20359 50.1 -18.1 -10.3528 -38.637 -5.5 -14.2737 27.5184 -25.27 -4 43.2 -18.4 21.0617 23.3029 -25.4 19.847 30.7959 -5.2 32.9959 -13.9695 -25.4 32.2817 -23.7019 -17.2505 -10.6116 -39.603 -8.7 31.5002 -24.5112 -17.9 9.26147 -37.6256 -25.4 19.5701 -29.7624 -25.4 34.35 -7.2 -16.9 -0.08749997 49.8531 -18.2484 0.08749997 49.8531 -18.2484 32.8913 -23.909 -18.275 -19.5701 29.7624 -25.4 37.604 12.2422 -25.4 37.627 0 -15.9 -35.507 -20.5 -25.4 39.603 -10.6116 -25.4 1.625 47.333 -21.2146 32.7231 -24.1282 -17.2505 20.7617 23.2225 -25.27 0 -41 -25.4 -33.35 -10.9321 -25.4 35.507 20.5 -25.4 -39.603 10.6116 -25.4 35.56 -2.067 0 -35.56 2.067 0 -15.9899 -29.7624 -15.9 29.0318 -28.9387 -18.275 -37.627 0 -5.2 -1.09239 45.2 -16.651 -20.5 -35.507 -5.5 -2.46817 50.1 -19.825 -0.742389 49.725 -16.3479 -18.8135 32.5859 -5.2 -0.742389 49.9 -20.149 20.3675 23.3701 -25.27 -33.051 -8.45 0 -0.917389 49.8531 -16.651 -0.392389 45.2 -16.651 15.9899 -29.7624 -25.4 29.2217 -11.7905 -25.4 24.8141 -31.4349 -17.2505 1.05695 49.725 -19.6148 -0.567389 49.8531 -16.651 2.45657 45.25 -19.8183 -35.35 -10.9321 -25.4 36.0821 -8.2 -16.9 13.95 35.1018 -25.27 1.58195 49.725 -19.6148 0 48.9 -21.85 -15.9899 29.7624 -25.4 1.23195 49.8531 -19.9179 -38.637 10.3528 -8.7 -2.05155 49.8531 -18.3125 1.40695 49.8531 -19.9179 -1.74845 49.8531 -18.3125 -16.7465 32.5859 -5.2 28.9914 -28.9914 -5.5 29.8893 -27.8212 -17.9 -18.8135 29.0058 -15.9 -35.649 -8.45 0 -34.5265 -1.79007 -25.4 -19.5701 -29.7624 -15.9 1.01634 45.2 -19.9413 -30.4921 6.36895 -25.27 -2.42487 45.2134 -17 -0.151554 49.8531 -18.3125 -33.493 0 -5.2 0.151554 49.8531 -18.3125 1.62256 45.2 -19.9413 -0.893944 49.725 -16.3885 -10.3528 -38.637 -8.7 14.25 27.5314 -25.4 34.5265 1.79007 -25.4 1.31945 49.8531 -19.9413 2.15 45.2 -18.3 -16.7465 -29.0058 -25.4 -0.590835 49.725 -16.3885 29.4298 -28.42 -17.15 4 43.2 -18.4 -1.0455 45.2 -19.974 32.618 -8.2 -16.9 -16.7465 29.0058 -15.9 -37.2155 10.7922 -25.4 2.46817 50.1 -19.825 17.78 -32.8629 -15.9 -0.43928 45.2 -19.974 -2.46817 45.3 -19.825 -36.5935 -1.79007 -25.4 16.7465 29.0058 -25.4 -0.742389 49.8531 -19.974 -3.4641 46.9 -20.4 1.31985 45.2 -16.6833 28.9914 28.9914 -8.7 15.9899 31.8294 -5.2 -2.88675 43.2 -23.4 36.5935 1.79007 -25.4 5.7735 43.2 -18.4 -18.8135 -29.0058 -25.4 36.35 -9.2 -16.9 16.7465 32.5859 0 -16.7465 -32.5859 0 33.7699 1.0335 -15.9 18.8135 29.0058 -25.4 -0.829889 49.8531 -19.9974 -20.5 -35.507 -8.7 -0.654889 49.8531 -19.9974 30.4229 5.95372 -25.27 0 50.2 -21.35 -35.1959 -17.78 -25.27 28.7723 -27.7851 -17.525 2.42487 45.2134 -17</float_array>
          <technique_common>
            <accessor source="#_SCHUNK-1324513_F-mesh-positions-array" count="1345" stride="3">
              <param name="X" type="float"/>
              <param name="Y" type="float"/>
              <param name="Z" type="float"/>
            </accessor>
          </technique_common>
        </source>
        <source id="_SCHUNK-1324513_F-mesh-normals">
          <float_array id="_SCHUNK-1324513_F-mesh-normals-array" count="4992">0 0 -1 -7.91182e-7 0 -1 1.21975e-6 0 -1 -5.11967e-7 0 -1 3.56602e-7 0 -1 -1.05995e-6 0 -1 -2.90384e-6 0 -1 1.92714e-6 0 -1 -7.45407e-7 0 -1 1.04631e-5 0 -1 5.48035e-7 0 -1 3.86471e-7 0 -1 3.34159e-7 0 -1 -4.41499e-6 0 -1 -1.08004e-6 0 -1 1.26184e-7 0 -1 -1.93236e-7 0 -1 5.11967e-7 0 -1 -1.21975e-6 0 -1 7.91182e-7 0 -1 2.90384e-6 0 -1 1.05995e-6 0 -1 -3.56602e-7 0 -1 3.84879e-7 0 -1 -1.92714e-6 0 -1 -1.04631e-5 0 -1 3.97641e-7 0 -1 -2.32922e-6 0 -1 7.59044e-7 0 -1 -5.83579e-7 0 -1 1.0609e-6 0 -1 -6.05739e-6 0 -1 1.26551e-6 0 -1 -9.49147e-7 0 -1 -8.4776e-7 0 -1 -2.93715e-7 0 -1 -3.36612e-7 0 -1 5.78439e-7 0 -1 4.21776e-7 0 -1 -3.54761e-5 0 -1 1.42031e-6 0 -1 8.4776e-7 0 -1 9.49147e-7 0 -1 -1.26551e-6 0 -1 6.05739e-6 0 -1 -1.0609e-6 0 -1 1.92722e-6 0 -1 -3.28293e-6 0 -1 -8.20687e-7 0 -1 1.6863e-5 0 -1 -1.07218e-6 0 -1 2.07862e-7 0 -1 -5.78439e-7 0 -1 3.36612e-7 0 -1 4.94678e-7 0 -1 -3.8337e-7 0 -1 -4.78402e-6 0 -1 5.35143e-6 0 -1 2.52508e-6 0 -1 6.89725e-6 0 -1 0 0 -1 8.52326e-7 0 -1 -3.06694e-6 0 -1 -4.52486e-7 0 -1 5.23677e-6 0 -1 1.60852e-6 0 -1 -3.97224e-7 0 -1 -9.556e-7 0 -1 6.91355e-7 0 -1 -5.48035e-7 0 -1 -5.09608e-7 0 -1 1.48058e-6 0 -1 -3.60166e-7 0 -1 5.74842e-7 0 -1 1.22064e-5 0 -1 3.36148e-7 0 -1 -4.2631e-7 0 -1 7.65998e-7 0 -1 4.26174e-7 0 -1 3.14903e-7 0 -1 0 0 -1 6.08472e-6 0 -1 -3.94042e-7 0 -1 1.44553e-6 0 -1 -1.42031e-6 0 -1 3.54761e-5 0 -1 -4.21776e-7 0 -1 8.20687e-7 0 -1 3.28293e-6 0 -1 -1.92722e-6 0 -1 -2.07862e-7 0 -1 1.07218e-6 0 -1 -1.6863e-5 0 -1 -1.26184e-7 0 -1 1.08004e-6 0 -1 1.14961e-6 0 -1 -8.05947e-7 0 -1 -6.89725e-6 0 -1 -2.52508e-6 0 -1 -5.35143e-6 0 -1 4.78402e-6 0 -1 3.06694e-6 0 -1 9.556e-7 0 -1 3.97224e-7 0 -1 -1.60852e-6 0 -1 -5.23677e-6 0 -1 4.52486e-7 0 -1 2.3292e-6 0 -1 -5.74842e-7 0 -1 4.80221e-7 0 -1 -1.48058e-6 0 -1 6.79478e-7 0 -1 -2.04615e-7 0 -1 -3.36148e-7 0 -1 -3.14903e-7 0 -1 -4.94678e-7 0 -1 3.8337e-7 0 -1 -4.26174e-7 0 -1 -7.65998e-7 0 -1 4.2631e-7 0 -1 -1.44553e-6 0 -1 3.94042e-7 0 -1 -6.08472e-6 0 -1 0 0 -1 -1.27017e-6 0 -1 6.4698e-7 0 -1 -1.29396e-6 0 -1 0 0 1 0 0 1 2.6962e-7 0 1 1.47392e-6 0 1 -4.49361e-7 0 1 7.3695e-7 0 1 -6.29111e-7 0 1 1.79731e-7 0 1 -1.84222e-7 0 1 0 0 1 0 0 1 3.59462e-7 0 1 -7.18986e-7 0 1 0 0 1 1.84222e-7 0 1 -3.59462e-7 0 1 7.18986e-7 0 1 -7.3695e-7 0 1 -1.47392e-6 0 1 0 0 1 -2.6962e-7 0 1 4.49361e-7 0 1 6.29111e-7 0 1 -1.79731e-7 0 1 -3.22312e-5 -0.7342136 -0.6789186 0.1900027 -0.7092202 -0.6789004 0.1900656 -0.7092038 0.6789 3.22242e-5 -0.7342136 0.6789186 -1 0 0 -0.6556942 0.3785946 -0.6532467 -0.7279511 0.09585464 -0.6788955 -0.6693245 0.08815634 -0.7377216 -0.5522754 0.3188108 -0.7702931 -0.4042539 0.6311489 -0.6619894 -0.3513897 0.5486322 -0.7586356 -0.1624336 0.7160157 -0.6789233 -0.1494184 0.6583524 -0.7377305 3.2448e-5 0.7266859 -0.6869699 -3.44595e-5 0.6850946 -0.7284541 3.6845e-7 0 -1 7.369e-7 0 -1 -7.18917e-7 0 -1 -3.6845e-7 0 -1 0.1900051 -0.7092292 -0.6788904 0.1900656 -0.7092034 0.6789004 3.25661e-5 -0.7342075 0.6789252 -3.25639e-5 -0.7342325 -0.6788982 0.3670898 -0.635875 -0.6789022 0.367135 -0.6358281 0.6789216 4.46414e-7 0 -1 -1.33931e-6 0 -1 1.54648e-6 0 -1 -7.04155e-7 0 -1 0.5522774 0.3188312 -0.7702834 0.6556773 0.3786101 -0.6532547 0.3785337 0.6556993 -0.653277 0.3188859 0.5522525 -0.7702786 -0.3473976 0.5830544 -0.7344131 -0.6694666 0.4341599 -0.60276 -0.4391206 0.2847281 -0.8521168 -0.3744143 0.6285344 -0.6817319 0.6377185 -3.64393e-5 -0.7702695 0.7571265 3.03531e-5 -0.6532683 0.5522442 -0.318872 -0.7702903 0.655716 -0.3785319 -0.6532613 3.62658e-5 0.637674 -0.7703064 -3.02629e-5 0.7571421 -0.6532502 -0.3785871 0.6556686 -0.6532768 -0.3188225 0.5522891 -0.7702786 0.3188093 -0.5522808 -0.7702899 0.3785855 -0.655685 -0.6532613 0.3671377 -0.6358374 -0.6789114 0.3670837 -0.6358686 0.6789115 1.66596e-6 0 1 -5.28116e-7 0 1 3.86622e-7 0 1 -3.34811e-7 0 1 3.34828e-7 0 1 -3.5208e-7 0 1 0.3188377 -0.5522553 0.7702964 0.5522729 -0.3188063 0.7702968 0.6556912 -0.3785861 0.6532547 0.378537 -0.6557195 0.6532548 0.3188369 0.5523095 0.7702581 -3.48381e-5 0.6376669 0.7703123 2.87456e-5 0.7571482 0.6532431 0.3785874 0.6556739 0.6532712 -0.318897 0.5522746 0.7702581 -0.3785376 0.655703 0.653271 0.6377101 3.46359e-5 0.7702765 0.7571318 -2.89697e-5 0.6532621 0.5522354 0.3188888 0.7702896 0.6557123 0.3785615 0.6532479 0.5192024 -0.5191694 0.6788904 0.9094732 -0.2209594 -0.3521869 0.7066265 -0.3996253 -0.5839338 0.4569365 -0.6207561 -0.63708 0.2341998 -0.8199216 -0.5223783 0.08653265 -0.9530774 -0.2900959 0.03545343 -0.9993714 1.33878e-6 0.9883754 -0.1520336 -2.31255e-5 0.9781856 -0.07531791 -0.1935982 0.9094413 -0.2210243 0.3522285 0.9883563 -0.1521576 -1.3453e-4 0.5191596 -0.5192033 -0.6788972 0.9781863 -0.07526671 0.1936146 0.08652406 -0.9530794 0.2900922 0.2342067 -0.8199192 0.5223789 0.456934 -0.6207548 0.6370831 0.7066054 -0.3997368 0.583883 -0.655708 0.3785564 -0.653255 -0.5522406 0.3188944 -0.7702835 -0.5522733 -0.3188214 -0.7702903 -0.6557098 -0.3785418 -0.6532617 -0.3785321 -0.6557161 -0.6532611 -0.3188725 -0.5522443 -0.77029 0.9262772 0.01228547 0.3766425 0.9963861 0.08493959 3.19561e-5 0.9522802 -0.07296538 0.2963759 0.7191201 -0.6948859 -1.01266e-4 0.7194222 -0.6945731 1.20424e-4 0.7193801 -0.6946167 7.48708e-5 0.7193018 -0.6946978 -1.25306e-4 0.7193344 -0.694664 2.96697e-5 0.71933 -0.6946687 -2.967e-5 0.719306 -0.6946934 1.25305e-4 0.7193815 -0.6946153 -7.48707e-5 0.7194199 -0.6945754 -1.20424e-4 0.7191296 -0.694876 1.01268e-4 0.4699062 -0.4537713 0.7571524 0.7328865 -0.1813696 0.6557306 0.9254077 0.01769816 0.3785598 0.9958665 0.09082984 -8.15724e-6 -0.05600345 -0.9984306 -2.07283e-5 0.01442027 -0.9254636 0.378562 0.2069533 -0.7261645 0.6556337 0.7122858 -0.7018896 2.9366e-5 0.7131884 -0.7009545 -0.005018234 0.926271 0.01230776 -0.3766572 0.9522728 -0.072959 -0.2964011 0.9254087 0.01769834 -0.3785572 0.7328957 -0.18136 -0.6557229 0.4699078 -0.4537712 -0.7571515 0.2069453 -0.7261744 -0.6556252 0.01441037 -0.9254781 -0.3785271 0.7131582 -0.7009853 0.004999935 -0.6377189 3.61199e-5 -0.7702692 -0.7571268 -3.07323e-5 -0.653268 -3.60573e-5 -0.6377184 -0.7702696 3.05166e-5 -0.7571265 -0.6532684 -0.4928539 0.5337069 -0.6872059 -0.4650048 0.5034533 -0.7282207 0.5191481 -0.5191921 0.6789144 0.5191922 -0.519148 -0.6789145 -0.3188192 -0.5522658 0.7702966 3.47737e-5 -0.6377101 0.7702765 -2.88061e-5 -0.7571319 0.6532621 -0.378587 -0.655691 0.6532545 -0.5522626 0.3188413 0.7702898 -0.6377105 -3.56756e-5 0.7702762 -0.7571321 2.94679e-5 0.6532618 -0.6556826 0.3786119 0.6532483 -0.5522377 -0.3188672 0.7702968 -0.6557196 -0.378536 0.6532551 0.8168357 -0.2295025 -0.5292524 0.6358277 -0.3671318 0.6789237 0.618445 -0.4596247 -0.6373939 0.6184486 -0.4596817 -0.6373494 0.7933398 -0.608779 4.97829e-4 0.7933707 -0.6087388 -5.32416e-4 0.7933638 -0.6087478 1.9493e-5 0.7933661 -0.6087448 -4.47698e-5 0.7933699 -0.6087398 -7.71497e-5 0.7933439 -0.6087738 2.48348e-4 0.7933482 -0.6087681 8.73532e-5 0.7933648 -0.6087466 -2.40324e-4 0.7933669 -0.6087439 -2.23851e-5 0.7933647 -0.6087468 3.89866e-5 0.7933717 -0.6087374 -5.50164e-4 0.7933459 -0.6087712 4.22394e-4 0.6184458 -0.4596785 0.6373543 0.6184561 -0.459662 0.6373563 0.6358721 -0.3670985 -0.6789001 0.2335558 -0.9094967 -0.3439002 0.1682902 -0.9857375 -2.84802e-4 0.2337024 -0.909423 0.3439957 0.4031029 -0.7108571 0.5763595 0.4031043 -0.7108541 -0.5763622 0.8168346 -0.2295044 0.5292534 0.473119 -0.4568702 -0.7532782 0.2115836 -0.7278202 -0.6523115 0.4032245 -0.7109584 -0.5761494 0.7228098 -0.6909908 0.008817255 0.7193327 -0.6945911 0.01018786 0.7193577 -0.6946399 0 0.02007383 -0.9261365 -0.376654 0.233594 -0.9095016 -0.3438616 0.7254526 -0.6882542 0.004981935 -0.0500909 -0.9987447 9.78041e-6 0.168622 -0.9856809 -2.96477e-5 0.7191013 -0.6949054 -1.26581e-4 0.7194233 -0.6945719 1.25056e-4 0.7193801 -0.6946167 7.21966e-5 0.719304 -0.6946954 -1.2922e-4 0.71933 -0.6946687 3.43325e-5 0.7193344 -0.694664 -3.43321e-5 0.7193008 -0.6946988 1.29222e-4 0.7193788 -0.694618 -7.21967e-5 0.7194255 -0.6945696 -1.25055e-4 0.7190917 -0.6949152 1.26578e-4 0.01426279 -0.9254642 -0.3785667 -0.05604743 -0.9984281 -1.09553e-5 0.2069807 -0.7261579 -0.6556324 0.4699332 -0.4537927 -0.7571229 0.8166976 -0.2294617 -0.5294831 0.7328659 -0.1814451 -0.6557326 0.952247 -0.07315617 -0.2964354 0.9253948 0.017816 -0.3785857 0.9998295 -0.01846486 -4.22001e-5 0.9958654 0.09084218 -1.19094e-5 0.7263973 -0.6872751 -3.25404e-5 0.02005648 -0.9261351 0.3766583 0.2335882 -0.9095122 0.3438377 0.2070069 -0.7261303 0.6556547 0.4699359 -0.4537896 0.7571231 0.01427686 -0.9254477 0.3786064 0.9522481 -0.0731343 0.2964373 0.9254146 0.01782357 0.3785371 0.7328546 -0.1814566 0.6557421 0.8167126 -0.2294906 0.5294475 0.7254778 -0.6882277 -0.004963755 0.2115882 -0.7278163 0.6523143 0.4032246 -0.7109615 0.5761455 0.7228152 -0.6909852 -0.008817255 0.4731226 -0.4568679 0.7532773 0.7193362 -0.6945874 -0.01018792 0.734801 -0.1860667 0.6522628 0.7158104 -0.6982393 -0.00879985 0.7348016 -0.1860622 -0.6522634 0.7158134 -0.6982362 0.008801341 -0.3785562 0.6557098 -0.6532534 -0.6556857 0.378598 -0.6532533 -0.552278 0.3188198 -0.7702876 -0.3188802 0.5522433 -0.7702875 2.99605e-5 0.7571414 -0.6532512 3.87699e-5 0.6376996 -0.7702851 0.2809699 0.678349 -0.6788952 0.258323 0.6237283 -0.737721 0.5000032 0.8660237 0 0.4999931 0.8660295 0 -0.4822343 0.4959427 -0.7221432 -0.3022351 0.5750637 -0.760234 -0.3492661 0.6644053 -0.6607412 -0.5027943 0.5170655 -0.6927058 3.20646e-5 0.6376805 -0.7703009 0.2583126 0.6237282 -0.7377248 0.28096 0.6783146 -0.6789336 -2.69856e-5 0.7571479 -0.6532435 0.6358685 -0.3670838 -0.6789115 0.6358373 -0.3671378 0.6789115 0.7092037 -0.1900657 -0.6789 0.7092202 -0.1900026 0.6789004 -6.51328e-7 0 -1 3.76084e-7 0 -1 5.50618e-7 0 -1 -7.52139e-7 0 -1 1.30274e-6 0 -1 -3.55857e-6 0 -1 0.6557218 0.3785322 -0.6532552 0.3786149 0.655697 -0.6532322 0.3188123 0.5522594 -0.770304 0.5522608 0.3188865 -0.7702723 -0.7499616 -0.02984631 -0.6608077 -0.6557615 -0.3785192 -0.6532228 -0.5522865 -0.3187265 -0.7703203 -0.6492156 -0.02577394 -0.7601677 -0.5522428 -0.3188815 -0.7702873 -0.6376997 -3.54145e-5 -0.7702851 -0.7571414 2.96036e-5 -0.6532512 -0.6557151 -0.3785466 -0.6532536 -0.4469851 -0.5824998 -0.6788949 -0.4110055 -0.5355769 -0.7377208 -0.4999931 -0.8660295 0 -0.6705709 0.1695839 -0.7222022 -0.6992276 0.1768398 -0.6926822 -0.7086281 0.16003 -0.6871948 -0.6685183 0.1509179 -0.7282219 -0.4110313 -0.5355505 -0.7377256 -0.4470077 -0.5824763 -0.6789003 0.7571564 -3.54103e-5 -0.6532337 0.6376749 4.03631e-5 -0.7703056 -0.3785344 0.6557367 -0.653239 -0.6557134 0.378575 -0.6532387 -0.5522912 0.3188084 -0.7702828 -0.3188686 0.5522556 -0.7702835 3.07785e-5 0.7571401 -0.6532526 -3.64597e-5 0.6377184 -0.7702696 -0.637718 -3.44681e-5 -0.7702699 -0.7571398 2.8414e-5 -0.653253 0.5522989 -0.3188288 -0.7702689 0.6556831 -0.378605 -0.6532518 0.7092073 -0.1900005 -0.6789145 0.7091912 -0.1900606 0.6789145 3.25663e-7 0 1 -2.82054e-7 0 1 2.06476e-7 0 1 -1.19212e-7 0 1 1.62851e-7 0 1 -4.44837e-7 0 1 0.5522584 0.3188788 0.7702772 0.3188135 0.5522535 0.7703078 0.3786106 0.6556975 0.6532341 0.6556993 0.3785662 0.653258 -0.3188534 0.552259 0.7702873 -0.5522872 0.3188051 0.7702872 -0.6557051 0.3785862 0.6532407 -0.3785347 0.655734 0.6532415 0.6377038 3.49931e-5 0.7702818 0.7571546 -2.90129e-5 0.6532357 -3.45356e-5 0.6377127 0.7702744 2.90958e-5 0.7571377 0.6532555 0.5522913 -0.3188309 0.7702735 0.6556841 -0.3785982 0.6532548 -0.6377121 -3.65022e-5 0.7702748 -0.7571372 3.0806e-5 0.6532558 0.7342135 -3.23787e-5 -0.6789186 0.7342135 3.23893e-5 0.6789186 0.3188886 0.552268 -0.7702663 0.5522903 0.3188225 -0.7702777 0.6557273 0.3785443 -0.6532428 0.3785383 0.6557221 -0.6532514 -0.7308177 0.01255679 -0.6824573 -0.6794787 0.01160991 -0.7336034 0.6377181 -3.45542e-5 -0.7702699 0.7571262 2.84942e-5 -0.6532686 -0.3188254 0.5523035 -0.7702671 -0.3785412 0.6557059 -0.653266 -0.6557124 0.3785405 -0.6532598 -0.5522421 0.3188796 -0.7702887 -0.6557322 -0.3785486 -0.6532353 -0.3785758 -0.6557047 -0.6532471 -0.3188691 -0.5522439 -0.7702916 -0.5522545 -0.3188799 -0.7702797 0.3785591 -0.6557213 -0.6532402 0.318893 -0.5522402 -0.7702844 -3.07409e-5 -0.757148 -0.6532434 3.64293e-5 -0.6376963 -0.7702879 3.67535e-5 0.6376919 -0.7702916 -3.10071e-5 0.7571313 -0.6532627 -0.7571275 -3.25763e-5 -0.6532672 -0.6377199 3.79925e-5 -0.7702684 0.7342196 -3.1037e-5 0.6789121 0.7342196 3.1037e-5 -0.6789121 7.62294e-7 0 1 -4.40104e-7 0 1 -0.5522701 0.3188157 0.770295 -0.6377115 -3.18363e-5 0.7702754 -0.7571328 2.52665e-5 0.653261 -0.6556882 0.3785939 0.6532531 0.318822 0.5522953 0.7702744 -3.47421e-5 0.6377174 0.7702704 2.88429e-5 0.7571369 0.6532563 0.3785853 0.6556865 0.6532599 -0.5522668 -0.3188496 0.7702833 -0.3188332 -0.5522971 0.7702683 -0.378542 -0.6557219 0.6532495 -0.655731 -0.3785468 0.6532375 0.3188877 -0.5522373 0.7702888 0.3785623 -0.6557173 0.6532424 3.50501e-5 -0.6376911 0.7702923 -2.84632e-5 -0.7571459 0.6532459 -0.3188826 0.5522609 0.7702739 -0.3785367 0.6557148 0.6532597 0.6377096 3.62581e-5 0.7702769 0.5522378 0.3188741 0.7702941 0.6557177 0.3785442 0.6532523 0.7571315 -3.05163e-5 0.6532625 0.7091853 0.1900604 0.6789207 0.709202 0.189998 -0.6789207 0.5522441 -0.3188784 -0.7702876 0.6557137 -0.3785397 -0.6532589 -0.7037827 -0.06827759 -0.7071267 -0.7037529 -0.06828004 -0.7071561 -0.5522786 -0.3188163 -0.7702886 -0.6556816 -0.3785938 -0.6532599 -0.3785331 -0.6557106 -0.653266 -0.3188742 -0.5522753 -0.770267 0.3188237 -0.5523039 -0.7702674 0.3785429 -0.6557045 -0.6532664 -0.6596462 0.05456775 -0.7495927 -0.5522531 0.3188826 -0.7702795 -0.6557062 0.3785438 -0.6532641 -0.7406532 0.06124222 -0.6690907 -0.4999995 0.8660258 0 -0.4109491 0.5355864 -0.7377452 -0.4469624 0.5825263 -0.6788871 -3.66721e-5 -0.6376918 -0.7702916 3.11038e-5 -0.7571313 -0.6532627 0.7092124 0.1900679 0.6788903 0.7092202 0.1900024 -0.6789004 -0.3188219 -0.5522958 0.770274 3.48485e-5 -0.6377174 0.7702705 -2.87165e-5 -0.7571369 0.6532562 -0.378587 -0.6556858 0.6532596 0.318881 -0.5522614 0.7702742 0.3785369 -0.6557143 0.6532601 0.5522726 -0.3188134 0.7702941 0.6556888 -0.3785945 0.6532522 -0.5522368 -0.3188734 0.770295 -0.6557152 -0.3785471 0.6532533 0.6358639 0.3670797 -0.678918 0.6358317 0.3671356 0.678918 -0.6557006 0.3785886 -0.6532439 -0.7486916 0.03460276 -0.6620148 -0.6508601 0.03007662 -0.7586017 -0.5522826 0.3188073 -0.7702895 -0.4469877 0.5825006 -0.6788926 -0.4110074 0.5355783 -0.7377188 -0.7013462 -0.2172656 -0.6789029 -0.6448448 -0.1998178 -0.7377318 -0.629343 -0.363313 -0.6869724 -0.5932893 -0.3425751 -0.7284575 0.6358588 0.3670765 -0.6789245 0.6358478 0.3671454 0.6788975 0.519213 0.5191675 -0.6788836 0.5191525 0.5191797 0.6789207 -0.3444397 -0.6656774 -0.6619932 -3.30017e-5 -0.757143 -0.6532493 3.30401e-5 -0.6377183 -0.7702698 -0.2994375 -0.5786586 -0.7586115 -0.5388731 -0.4986852 -0.6789174 -0.4954428 -0.4585815 -0.7377259 0.2809598 -0.6783546 -0.6788937 0.2583135 -0.6237343 -0.7377192 0.5191481 0.5191921 -0.6789144 0.5191922 0.519148 0.6789145 0.3670798 0.6358639 0.678918 0.3671243 0.6358382 -0.678918 -0.3188084 0.5522812 -0.7702901 -0.3785392 0.6557283 -0.6532446 -0.6557157 0.3785318 -0.6532616 -0.5522439 0.3188719 -0.7702905 0.258314 -0.6237287 -0.7377239 -3.03299e-5 -0.6376788 -0.7703024 2.99304e-5 -0.757147 -0.6532446 0.2809605 -0.6783152 -0.6789328 0.4999995 -0.8660258 0 -0.2824032 -0.5987648 -0.7494859 -0.3170344 -0.6720472 -0.6692098 -0.4187999 -0.5643618 -0.7114087 -0.4238879 -0.5711502 -0.7029272 -0.3900383 -0.5730211 -0.7207753 -0.4051764 -0.5951626 -0.6939839 -0.3492249 -0.61004 -0.7112618 -0.3532388 -0.6171902 -0.7030637 -3.71232e-5 0.6377263 -0.7702631 -3.07983e-5 0.7571419 -0.6532505 0.3188594 0.5522516 -0.7702902 0.3785325 0.6557157 -0.6532613 -0.5522772 -0.318831 -0.7702835 -0.6556771 -0.37861 -0.653255 -0.3785333 -0.6556996 -0.653277 -0.3188862 -0.5522527 -0.7702784 -0.6377189 3.64393e-5 -0.7702692 -0.7571268 -3.0353e-5 -0.653268 0.3670765 0.6358588 0.6789246 0.3671454 0.6358478 -0.6788975 -0.552273 0.3188058 0.770297 -0.6377105 -3.53749e-5 0.7702762 -0.7571321 2.98248e-5 0.6532618 -0.6556903 0.3785873 0.653255 -0.5522344 -0.3188897 0.77029 -0.6556872 -0.3786042 0.6532481 -0.3188365 -0.5523098 0.7702579 -0.3785877 -0.6556739 0.6532711 0.3188067 0.5522729 0.7702966 -3.48175e-5 0.6377101 0.7702765 2.8754e-5 0.7571319 0.6532621 0.378557 0.6557081 0.6532546 -0.3188671 0.5522385 0.7702963 -0.3785801 0.6556947 0.6532547 0.1900652 0.7092034 -0.6789005 0.1900051 0.7092266 0.6788929 0.552281 0.3188087 -0.7702901 0.65571 0.378542 -0.6532614 -0.5522555 -0.3188644 -0.7702853 -0.6693071 -0.08810573 -0.7377435 -0.7279396 -0.09591811 -0.6788989 -0.6556689 -0.3786004 -0.6532687 -0.4033461 -0.53771 -0.7403917 -0.4417855 -0.5890382 -0.6766533 0.6377184 -3.61199e-5 -0.7702696 0.7571265 3.07323e-5 -0.6532683 0.5522408 -0.3188946 -0.7702833 0.6557081 -0.3785565 -0.6532548 0.3188229 -0.5522888 -0.7702786 0.3785868 -0.6556686 -0.6532769 -0.727953 -0.09584003 -0.6788955 -0.6557286 -0.3785433 -0.6532421 -0.5522459 -0.3188743 -0.770288 -0.6693267 -0.08814316 -0.7377213 -0.4201227 -0.6143519 -0.6678837 -0.239241 -0.6829896 -0.690137 -0.227648 -0.6500959 -0.7249495 -0.3727144 -0.5449137 -0.7511014 -0.1523013 -0.7006475 -0.6970634 -0.1479426 -0.6806488 -0.7175167 -3.60466e-5 -0.6376739 -0.7703064 3.05232e-5 -0.7571422 -0.6532502 0.190068 0.7092124 -0.6788904 0.1900027 0.7092202 0.6789004 3.47692e-5 -0.6376669 0.7703123 -2.88274e-5 -0.7571482 0.6532431 0.3188967 -0.5522746 0.7702583 0.378538 -0.6557027 0.653271 0.55227 -0.3188291 0.7702895 0.6556836 -0.3786107 0.653248 0.63771 3.49553e-5 0.7702766 0.7571319 -2.85904e-5 0.6532621 0.5522387 0.3188663 0.7702966 0.6557195 0.3785367 0.6532549 0.04717797 0.7196856 -0.6926954 0.09229004 0.7010411 -0.7071238 0.09229016 0.7010411 0.7071238 0.04717803 0.7196856 0.6926954 0 1 0 0 -1 0 -0.06104344 -0.7225062 -0.6886643 -0.05781394 -0.6846479 -0.7265775 0 1 -1.07547e-6 0 1 -1.32145e-6 0 1 -4.30188e-6 0 1 -2.58113e-6 0 1 6.73692e-5 0 1 4.30187e-6 0 1 1.72075e-6 0 1 8.42098e-6 0 1 3.4415e-6 0 1 -6.73687e-5 0 1 -1.72076e-6 0 1 -8.42091e-6 0.8660256 0 -0.4999998 0.8660256 0 0.4999998 0 1 -1.00688e-5 0 1 2.01375e-5 0 1 -5.24483e-6 0 1 1.04933e-5 0 1 1.00688e-5 0 1 -1.04932e-5 0 1 1.04896e-5 0 1 5.24481e-6 0 1 1.04948e-5 0.3188112 0.7702975 0.5522691 0.4420439 0.467317 0.7656449 -1.87022e-7 0.4673192 0.8840887 -3.60837e-5 0.7702976 0.6376846 -0.456723 0.4069649 -0.791065 -0.4959045 0.1278091 -0.85892 -8.93523e-6 0.1278519 -0.9917933 -3.36755e-6 0.406991 -0.9134323 -1.00258e-6 0.07747596 0.9969942 3.10771e-7 -0.3620105 0.932174 0.4660851 -0.362023 0.8072819 0.4984951 0.07747638 0.8634236 1.05948e-6 -0.4069551 0.9134483 4.34494e-7 0.5393965 0.8420519 0.4210223 0.5393975 0.7292398 0.4567276 -0.4069623 0.7910637 -3.71841e-6 0.8474233 0.5309178 -1.23951e-5 0.5176313 0.8556038 0.4277238 0.5179718 0.7407818 0.2654572 0.8474323 0.4597727 0.07591593 0.9884043 0.1315055 -4.1686e-6 0.9884086 0.1518177 0.4850422 0.2428078 0.8401063 -7.03276e-6 0.2424799 0.9701566 -1.58548e-5 0.9454439 -0.3257853 -0.1628964 0.9454463 -0.2821281 3.45074e-5 0.4823365 0.875986 1.85123e-5 0.1278342 0.9917956 0.4958992 0.1278175 0.8589218 0.4379411 0.4823127 0.7586714 2.38907e-5 0.770283 0.6377022 0.3188913 0.7702689 0.5522629 5.36403e-5 0.8474414 0.530889 0.2654541 0.8473797 0.4598715 0 1 4.26877e-6 -1.3524e-5 0.4823726 -0.8759663 -0.4379964 0.4823341 -0.7586258 2.58207e-6 0.8474397 -0.5308918 -0.2654521 0.8474407 -0.4597601 -0.07589191 0.9884117 -0.1314637 6.40936e-6 0.9884109 -0.1518029 0.5522332 0.7702975 0.3188737 0.7656425 0.4673204 0.4420444 -0.7910711 0.4069676 -0.4567099 -0.8589149 0.1278087 -0.4959135 0.8072814 -0.3620356 0.4660761 0.8634229 0.07747197 0.4984968 0.7292373 0.5394008 0.4210225 0.7910692 -0.4069655 0.4567151 0.4597665 0.8474425 0.2654356 0.7408453 0.5179193 0.4276773 0.1314877 0.9884077 0.07590341 0.8401091 0.2427445 0.4850689 -0.2821723 0.9454343 -0.1628893 0.858915 0.1277868 0.4959188 0.7585844 0.4823357 0.4380665 0.5522788 0.7702777 0.3188424 0.4597986 0.8474404 0.2653866 -0.7586231 0.4823338 -0.4380016 -0.4597687 0.8474458 -0.2654212 -0.1314491 0.9884147 -0.07587939 -0.4957668 0.1279683 0.8589758 -0.318719 0.7703798 0.5522077 4.1271e-5 0.7701593 0.6378517 -5.38039e-6 0.127835 0.9917955 -0.8590221 0.1277732 0.4957368 -0.5523431 0.7702468 0.3188055 -0.9917964 0.1278277 -1.9247e-5 -0.637714 0.7702733 -3.8381e-5 -0.8588956 0.1278975 -0.495924 -0.5522643 0.7702795 -0.3188629 -0.4959287 0.1278418 -0.8589012 -0.318864 0.7702679 -0.55228 1.72888e-6 0.1278265 -0.9917966 -4.12828e-5 0.7702831 -0.6377021 0.4959298 0.1278341 -0.8589017 0.318843 0.770268 -0.5522922 0.8588904 0.1278973 -0.4959331 0.5522841 0.7702792 -0.3188297 0.9917963 0.1278291 -1.90239e-5 0.6377128 0.7702742 -3.86018e-5 0.8589853 0.1278318 0.4957857 0.5523446 0.7702466 0.3188037 0.4958046 0.1280189 0.8589465 0.3187254 0.7703793 0.5522046 -3.63767e-6 1 -3.08941e-5 -0.2655306 0.8474278 0.4597387 1.19701e-4 0.8475245 0.5307564 -0.4597942 0.8474422 0.2653886 -0.5309013 0.8474336 -3.23642e-6 -0.4380069 0.4824293 0.7585591 3.60456e-5 0.4821868 0.8760684 -0.758581 0.4823993 0.4380021 -0.875975 0.4823567 -6.45937e-5 -0.4597459 0.8474288 -0.2655147 -0.2654201 0.8474794 -0.4597073 0 0.8473855 -0.5309783 -0.7586514 0.4823504 -0.4379341 -0.4380173 0.4823797 -0.7585847 -6.56596e-6 0.48243 -0.8759346 0.2653889 0.8474832 -0.4597184 0.4597551 0.8474261 -0.2655076 0.5308884 0.8474418 6.82783e-6 0.4380367 0.4823721 -0.7585783 0.7586678 0.4823374 -0.4379199 0.8759793 0.4823487 -6.46035e-5 0.4598025 0.8474389 0.2653843 0.2654408 0.8473857 0.459868 0.7585881 0.4823325 0.4380636 0.4380605 0.4824055 0.7585433 0.6376845 0.7702977 3.56578e-5 0.8840882 0.4673203 1.06708e-6 -0.8082221 0.104201 0.5795856 -0.6738821 0.7312631 0.1055333 0.9321718 -0.3620163 1.45587e-7 0.9969949 0.07746815 9.67662e-7 0.8420487 0.5394015 1.62593e-6 0.9134443 -0.4069641 0 0.8554894 0.5178204 7.95601e-6 0.5308816 0.847446 0 0.1518387 0.9884054 4.1686e-6 0.9701171 0.2426373 4.15444e-6 -0.3257687 0.9454496 -2.21282e-5 -0.4343951 0.9007225 -1.19917e-5 0.9917976 0.1278187 -6.45543e-6 0.8759747 0.4823574 -1.58154e-5 0.6377118 0.7702751 3.83811e-5 0.5308932 0.8474388 8.91535e-6 -0.7228406 0.3980579 0.5648463 -0.4248831 0.6782841 0.5995041 -0.1134967 0.7391549 0.663904 0 1 1.88033e-5 0 1 -3.82932e-5 0 1 2.62433e-6 0 1 -2.83323e-6 0 1 5.74399e-5 0 1 -4.44881e-5 -0.6693169 0.7377247 0.08818858 -0.5522704 0.7702909 0.3188253 -0.6556941 0.6532387 0.3786085 -0.7279437 0.6788998 0.09588074 -0.3188378 0.7702813 0.5522763 -0.3785542 0.6532689 0.6556954 -0.08810967 0.7377429 0.6693072 -0.09589898 0.678935 0.7279085 2.49515e-5 0 1 2.15495e-5 0 1 -8.3403e-5 0 1 0.5522393 0.7702976 -0.318863 0.7656439 0.4673209 -0.4420415 -0.6738867 0.7312675 -0.1054736 -0.7910701 0.4069605 0.4567179 -0.8589282 0.1278257 0.4958861 -0.8081948 0.1041818 -0.579627 0.8072816 -0.3620361 -0.4660754 0.8634226 0.07747125 -0.4984976 0.7292386 0.5394002 -0.4210208 0.791069 -0.4069661 -0.4567147 0.4597668 0.8474387 -0.2654473 0.7408456 0.5179176 -0.427679 0.13149 0.9884063 -0.07591646 0.8401061 0.2427447 -0.4850741 -0.2821593 0.9454408 0.1628737 0.8589296 0.1277776 -0.4958961 0.7585901 0.4823474 -0.4380435 0.5522456 0.7702786 -0.3188979 0.4597986 0.8474435 -0.2653768 -0.7586342 0.4823371 0.4379786 -0.722854 0.3980421 -0.5648404 -0.4597694 0.8474366 0.26545 -0.4249531 0.6782393 -0.5995052 -0.1314628 0.9884126 0.07588237 -0.1135125 0.7391706 -0.6638838 -0.5522348 0.7702914 -0.3188855 -0.6693167 0.7377253 -0.08818572 -0.7279438 0.6788997 -0.09588074 -0.6556861 0.6532392 -0.3786215 -0.3188918 0.7702807 -0.5522461 -0.3785848 0.6532684 -0.6556783 -0.08810919 0.7377434 -0.6693068 -0.09589868 0.6789354 -0.7279081 0.3188222 0.7702976 -0.5522628 0.4420477 0.4673182 -0.7656419 -0.4567176 0.4069772 0.7910617 -0.4958861 0.1278117 0.8589304 0.466084 -0.3620105 -0.8072882 0.4984936 0.07747632 -0.8634243 0.4210266 0.5393985 -0.7292365 0.4567188 -0.4069572 -0.7910713 0.4277095 0.5179581 -0.7407996 0.2654551 0.8474323 -0.4597743 0.07592844 0.9884032 -0.1315073 0.4850252 0.242805 -0.8401169 -0.1628828 0.9454451 0.2821399 0.4958871 0.1277897 -0.8589329 0.4379125 0.4823442 -0.7586679 0.3188328 0.7702683 -0.5522975 0.2654676 0.8473815 -0.4598604 -0.4379735 0.4823323 0.7586402 -0.2654536 0.8474319 0.4597756 -0.07590126 0.9884064 0.1314989 -0.4959316 0.1278402 0.8588997 -0.3188377 0.770268 0.552295 4.71887e-5 0.7702831 0.6377021 -8.15908e-6 0.1278263 0.9917966 -0.8589 0.1278961 0.4959167 -0.5522494 0.7702811 0.3188852 -0.9917969 0.1278241 1.7526e-5 -0.6377171 0.7702708 -1.13817e-4 -0.858929 0.1277689 -0.4958993 -0.5522494 0.7702808 -0.3188855 -0.4958842 0.1277911 -0.8589344 -0.3188954 0.770268 -0.5522617 -2.47199e-6 0.1278255 -0.9917967 -3.53831e-5 0.7702831 -0.6377022 0.4958909 0.1277843 -0.8589316 0.3188266 0.770268 -0.5523014 0.8589253 0.1277686 -0.4959058 0.5522524 0.7702792 -0.3188847 0.9917963 0.1278295 1.39471e-5 0.6377128 0.7702742 3.83122e-5 0.858914 0.1278628 0.4959012 0.5522825 0.7702792 0.3188321 0.4959037 0.1277998 0.8589218 0.3188967 0.770268 0.5522611 -3.62874e-6 1 3.90185e-5 -0.2654239 0.8474782 0.4597076 -8.24416e-5 0.8474186 0.5309255 -0.4597482 0.8474295 0.2655089 -0.5309082 0.8474293 -2.05953e-6 -0.4380148 0.4823793 0.7585865 -2.79675e-5 0.4823952 0.8759537 -0.7586554 0.48235 0.4379276 -0.8759779 0.4823513 6.29352e-5 -0.459801 0.8474429 -0.2653746 -0.2655003 0.8473947 -0.4598172 1.77532e-7 0.8474612 -0.5308573 -0.7585735 0.4823556 -0.4380632 -0.4379175 0.4823198 -0.7586803 -6.16804e-6 0.4823244 -0.8759927 0.2654684 0.8473999 -0.4598263 0.459811 0.8474413 -0.2653625 0.5308963 0.8474368 7.98435e-6 0.4379382 0.4823147 -0.7586717 0.7585872 0.4823439 -0.4380525 0.8759778 0.4823516 6.29292e-5 0.4597572 0.8474253 0.2655065 0.2654204 0.8475224 0.4596279 0.758674 0.4823777 0.4378648 0.4380302 0.4823689 0.7585843 3.60962e-5 0.7702978 -0.6376845 0 0.4673194 -0.8840885 7.7399e-6 0.406974 0.9134398 -1.58787e-5 0.1278601 0.9917923 4.86029e-6 -0.3620253 -0.9321683 1.28938e-6 0.07747638 -0.9969943 -7.13952e-7 0.539397 -0.8420517 -6.93582e-7 -0.4069617 -0.9134453 1.10178e-5 0.5176355 -0.8556013 0 0.8474267 -0.5309124 4.17232e-6 0.9884089 -0.1518154 6.50599e-6 0.2424803 -0.9701564 1.69128e-5 0.9454414 0.3257921 -1.0482e-5 0.1278256 -0.9917967 1.54856e-5 0.4823488 -0.8759793 -2.38907e-5 0.770283 -0.6377022 5.63466e-5 0.8474411 -0.5308895 -1.36792e-5 0.4823657 0.8759701 1.75934e-6 0.8474301 0.530907 -6.42613e-6 0.9884123 0.1517934 -3.25661e-5 0.7342075 0.6789252 3.25639e-5 0.7342325 -0.6788982 -0.1899995 0.7092024 -0.67892 -0.1900652 0.7092034 0.6789005 -0.04717797 0.7196856 0.6926954 -0.09229004 0.7010411 0.7071238 -0.09229016 0.7010411 -0.7071238 -0.04717797 0.7196856 -0.6926954 0.06104338 -0.7225061 -0.6886644 0.1522494 -0.7006585 -0.6970637 0.1479555 -0.6806464 -0.7175164 0.05781406 -0.684648 -0.7265774 -0.8660256 0 0.4999998 -0.8660256 0 -0.4999998 -0.3188115 0.7702975 -0.5522691 -0.4420443 0.4673184 -0.7656437 0.4567195 0.4069573 0.7910709 0.495913 0.1278277 0.8589124 -0.4660832 -0.3620228 -0.8072832 -0.4984948 0.07747679 -0.8634236 -0.4210222 0.5393988 -0.7292389 -0.4567254 -0.4069619 -0.7910651 -0.4277172 0.5179656 -0.74079 -0.2654553 0.8474323 -0.4597739 -0.07591503 0.9884055 -0.131498 -0.4850402 0.2428033 -0.8401086 0.162898 0.9454404 0.282147 -0.4958995 0.1278069 -0.8589232 -0.4379637 0.4822998 -0.7586665 -0.3188917 0.7702683 -0.5522635 -0.2654848 0.8473973 -0.4598212 0.4380063 0.482353 0.7586081 0.2654549 0.8474423 0.459756 0.07589226 0.9884117 0.1314638 -0.4958658 0.127843 0.8589373 -0.3187182 0.7703796 0.5522086 1.06022e-4 0.1277109 0.9918115 -0.5522542 0.7703046 -0.3188203 -0.6376891 0.770294 -3.69478e-5 -0.9917978 0.1278166 -1.11718e-6 -0.8588869 0.1278901 -0.495941 -0.4959303 0.1278395 -0.8589006 -0.3188933 0.7702661 -0.5522655 -1.60251e-6 0.1278283 -0.9917963 -3.54959e-5 0.7702847 -0.6377002 0.4959307 0.1278392 -0.8589004 0.3188335 0.7702667 -0.5522992 0.8588895 0.1278975 -0.4959347 0.5522818 0.7702792 -0.3188335 0.9917963 0.1278289 -1.54889e-5 0.8589851 0.1278325 0.4957858 0.5523808 0.7702456 0.3187431 0.4958136 0.1280189 0.8589413 0.3187903 0.7703797 0.5521666 6.94895e-7 1 -3.62633e-5 -0.2654479 0.8473764 0.4598811 6.73345e-7 0.8474705 0.5308426 -0.459785 0.8474451 0.2653951 -0.5308855 0.8474436 -1.55121e-5 -0.4380661 0.4825921 0.7584215 1.42717e-4 0.4823555 0.8759756 -0.7585921 0.4823877 0.4379957 -0.8759725 0.4823613 -6.59409e-5 -0.4597471 0.8474214 -0.2655364 -0.2654094 0.8474734 -0.4597247 0 0.8473826 -0.5309828 -0.7586382 0.4823624 -0.4379436 -0.4380307 0.4823781 -0.758578 8.58023e-7 0.4824368 -0.8759308 0.2654114 0.8474755 -0.4597197 0.4597508 0.8474276 -0.2655106 0.5308968 0.8474365 3.40379e-6 0.4380305 0.4823793 -0.7585774 0.7586585 0.4823463 -0.4379265 0.8759738 0.4823588 -6.64503e-5 0.459799 0.8474411 0.265384 0.2654488 0.8473745 0.4598844 0.7585799 0.4823344 0.4380756 0.4380527 0.4824032 0.7585493 -0.5522628 0.7702975 -0.3188224 -0.7656427 0.46732 -0.4420445 0.7910723 0.4069661 0.4567092 0.8589162 0.1278168 0.4959092 -0.8072819 -0.3620361 -0.4660749 -0.8634226 0.07747262 -0.4984971 -0.7292369 0.5393999 -0.4210242 -0.7910696 -0.4069662 -0.4567138 -0.740847 0.5179191 -0.4276747 -0.4597667 0.8474413 -0.2654389 -0.1314878 0.9884071 -0.0759114 -0.8401101 0.2427459 -0.4850665 0.2821648 0.9454368 0.1628875 -0.8589125 0.1277878 -0.4959232 -0.7585803 0.4823322 -0.4380771 -0.5522693 0.7702787 -0.3188567 -0.4597865 0.8474459 -0.2653905 0.7586255 0.4823354 0.4379956 0.4597701 0.8474405 0.2654356 0.1314539 0.9884138 0.07588177 -0.8590202 0.1277705 0.4957411 -0.5523421 0.7702463 0.3188086 -0.6376844 0.7702978 -3.55075e-5 -0.8840883 0.4673202 -8.33304e-7 0.9134405 0.4069725 -8.00353e-6 0.9917929 0.1278551 3.38201e-6 -0.9321718 -0.3620163 8.23128e-7 -0.9969948 0.07746821 -3.36687e-7 -0.8420488 0.5394015 -7.0874e-7 -0.9134441 -0.4069642 1.35296e-6 -0.8554895 0.5178203 -6.4821e-6 -0.5308837 0.8474447 4.36252e-7 -0.1518276 0.988407 -1.75647e-6 -0.9701172 0.2426371 -2.9111e-6 0.3257972 0.9454397 -1.53333e-5 -0.9917987 0.1278104 2.12314e-6 -0.8759687 0.4823681 0 -0.6377117 0.7702751 3.70173e-5 -0.5308946 0.8474379 2.23604e-5 0.8759734 0.4823594 7.26048e-6 0.5309109 0.8474277 2.0714e-6 0.151793 0.9884123 -8.27573e-6 -0.8589263 0.1277715 -0.4959033 -0.5522853 0.7702793 -0.3188271 -0.6377128 0.7702742 3.70424e-5 -0.9917987 0.12781 2.13072e-6 -0.4958891 0.127792 -0.8589316 -0.3188266 0.7702679 -0.5523015 -9.77171e-6 0.1278272 -0.9917966 -2.37842e-5 0.770283 -0.6377022 -0.5308972 0.8474364 -1.14137e-6 -1.27502e-7 1 1.49433e-6 -0.4597944 0.847445 -0.2653795 -0.2654971 0.8473924 -0.4598233 0 0.8474601 -0.5308592 -0.8759665 0.4823721 0 -0.7585752 0.4823568 -0.438059 -0.4379231 0.4823253 -0.7586737 -3.76676e-7 0.4823275 -0.875991 0.4958849 0.1277934 -0.8589336 0.3188319 0.7702679 -0.5522986 0.8589264 0.1277702 -0.4959036 0.5522521 0.7702794 -0.3188845 0.9917988 0.1278101 1.07673e-6 0.6377128 0.7702742 -3.54516e-5 0.265498 0.8473977 -0.4598129 0.4597925 0.8474419 -0.2653923 0.5308971 0.8474364 -1.11905e-5 0.4379231 0.4823235 -0.7586748 0.7585753 0.4823569 -0.4380587 0.8759661 0.4823727 0 -0.5522689 0.7702975 0.3188119 -0.7656436 0.4673217 0.4420411 0.7910701 0.4069641 -0.4567151 0.8589383 0.1278128 -0.4958717 -0.807281 -0.3620357 0.4660767 -0.8634228 0.07747048 0.4984971 -0.7292386 0.5394009 0.42102 -0.7910689 -0.4069654 0.4567157 -0.7408466 0.5179186 0.4276759 -0.4597666 0.8474407 0.2654412 -0.1314941 0.9884065 0.07590806 -0.840106 0.2427442 0.4850745 0.2821292 0.9454463 -0.1628937 -0.8589278 0.1277658 0.4959024 -0.7585858 0.4823507 0.4380472 -0.5522486 0.7702777 0.3188946 -0.4597977 0.8474392 0.265392 0.7586413 0.4823344 -0.4379692 0.4597654 0.8474411 -0.2654422 0.1314572 0.9884135 -0.07588189 -0.4958876 0.1277911 0.8589324 -0.3188352 0.7702685 0.5522958 2.39846e-5 0.770283 0.6377022 1.23853e-5 0.127828 0.9917964 -0.858932 0.1277696 0.495894 -0.5522848 0.7702786 0.3188301 -0.2654919 0.847393 0.4598252 5.3416e-5 0.8474385 0.5308937 -0.4597954 0.8474444 0.2653797 -0.4379222 0.4823244 0.7586748 2.01053e-5 0.4823533 0.8759768 -0.7585769 0.4823557 0.4380571 0.8589138 0.1277905 0.4959203 0.5522854 0.7702785 0.318829 0.495909 0.1278136 0.8589166 0.3188264 0.7702684 0.5523009 0.4597937 0.8474402 0.2653958 0.2654643 0.8473695 0.4598844 0.7585747 0.4823393 0.4380793 0.4379404 0.48232 0.7586671 -0.3188734 0.7702976 0.5522333 -0.4420471 0.4673177 0.7656425 0.4567171 0.4069649 -0.7910683 0.4958983 0.1278151 -0.8589227 -0.4660846 -0.3620229 0.8072822 -0.4984941 0.07747584 0.8634242 -0.4210266 0.5393981 0.7292369 -0.4567264 -0.4069622 0.7910643 -0.4277074 0.5179595 0.7407998 -0.2654567 0.8474339 0.4597701 -0.0759291 0.988405 0.1314929 -0.4850225 0.2428074 0.8401178 0.1629096 0.9454463 -0.2821204 -0.4958884 0.1277871 0.8589326 -0.4379346 0.4823252 0.7586671 -0.3188363 0.7702689 0.5522947 -0.2654798 0.8473986 0.4598218 0.4379839 0.4823437 -0.7586268 0.2654522 0.8474363 -0.4597683 0.07590138 0.9884059 -0.1315021 -0.6377217 0.7702669 -3.85749e-5 -0.5522609 0.7703008 0.3188174 -0.8588916 0.1278968 0.495931 -0.9917962 0.1278296 1.56052e-5 -0.8589216 0.1277707 -0.4959117 -0.5522818 0.7702794 -0.3188331 -0.4958918 0.1277893 -0.8589304 -0.3188967 0.7702668 -0.5522627 -0.8759753 0.482356 6.64558e-5 -0.7586577 0.4823465 0.4379274 -0.4597506 0.847422 0.2655287 -0.5308972 0.8474364 4.29659e-6 -0.4597853 0.8474721 -0.2653082 -0.7586085 0.4823237 -0.4380379 -0.2653855 0.8474003 -0.4598732 -0.4379037 0.4823146 -0.7586918 -5.5e-5 0.8474374 -0.5308955 -1.49781e-5 0.4823557 -0.8759754 0 1 -6.39362e-6 0 1 1.25608e-5 0 1 2.66968e-5 0 1 -1.37242e-6 0 1 7.2614e-6 0 1 1.73394e-6 0 1 -1.13534e-5 0 1 -6.5533e-6 0 1 1.5455e-5 0 1 8.37864e-6 0 1 3.72298e-6 0 1 -4.26475e-6 0 1 -3.49953e-6 0 1 2.56246e-6 0 1 2.68042e-6 0 1 -2.56246e-6 0 1 -3.1244e-6 0 1 4.50508e-6 0 1 -1.29039e-4 0 1 -4.82229e-5 0 1 -1.2823e-5 0 1 1.64986e-5 0 1 3.27175e-7 0 1 -3.27664e-6 0 1 -3.35099e-6 0 1 3.78324e-5 0 1 -2.59112e-6 0 1 3.76957e-5 0 1 4.80252e-6 0 1 -8.38201e-6 0 1 1.54641e-5 0 1 6.55334e-6 0 1 1.13534e-5 0 1 -1.36234e-5 0 1 3.27664e-6 0 1 -3.27175e-7 0 1 -1.64986e-5 0 1 1.28231e-5 0 1 4.82219e-5 0 1 -3.78321e-5 0 1 -1.62e-5 0 1 2.88199e-6 0 1 -3.06538e-6 0 1 3.35098e-6 0 1 1.62001e-5 0 1 -5.44966e-6 0 1 5.44962e-6 0 1 6.13075e-6 0 1 -2.14832e-5 -0.4959295 0.1278398 0.8589011 -0.3188421 0.7702676 0.552293 4.12828e-5 0.7702831 0.6377021 -5.45961e-6 0.1278265 0.9917966 0.4958952 0.1277892 -0.8589284 0.3188332 0.7702674 -0.5522984 0.8589227 0.1277684 -0.4959105 0.5522458 0.7702783 -0.318898 0.9917963 0.1278289 1.44599e-5 0.6377117 0.7702752 -3.70612e-5 0.858913 0.1278655 0.4959024 0.5522819 0.7702785 0.318835 0.4959087 0.1278058 0.8589181 0.3188301 0.7702683 0.5522991 7.02546e-7 1 3.425e-5 -0.2654078 0.8474767 0.4597195 -8.13408e-5 0.8474184 0.5309259 -0.4380244 0.4823791 0.7585809 -1.97106e-5 0.4824031 0.8759493 0.2654832 0.8473947 -0.459827 0.4597991 0.8474434 -0.2653764 0.530902 0.8474332 2.4349e-6 0.4379352 0.4823235 -0.7586679 0.7585816 0.4823501 -0.4380553 0.8759743 0.4823578 6.15585e-5 0.459753 0.8474248 0.2655156 0.2654359 0.8475111 0.4596399 0.7586652 0.4823814 0.4378759 0.438021 0.4823704 0.7585884 -0.1900051 0.7092292 -0.6788904 -0.1900656 0.7092034 0.6789004 -0.3670798 0.6358639 -0.678918 -0.3671355 0.6358317 0.678918 -4.46414e-7 0 -1 1.33931e-6 0 -1 -1.54648e-6 0 -1 7.04155e-7 0 -1 -0.3188093 0.5522808 -0.7702899 -0.3785855 0.655685 -0.6532613 -0.655716 0.3785319 -0.6532613 -0.5522442 0.318872 -0.7702903 0.5522428 -0.3188863 -0.7702853 0.4032823 -0.5377267 -0.7404144 0.4418237 -0.5890121 -0.676651 0.6556978 -0.3785505 -0.6532687 0.6693076 -0.0881071 -0.7377429 0.7279652 -0.09582966 -0.6788839 0.3532436 -0.6171894 -0.7030621 0.3491714 -0.6100871 -0.7112475 -0.5522774 -0.3188312 -0.7702834 -0.6556773 -0.3786101 -0.6532547 -0.3785337 -0.6556993 -0.653277 -0.3188859 -0.5522525 -0.7702786 0.6556987 -0.3785949 -0.6532419 0.7279531 -0.09584009 -0.6788954 0.6693264 -0.08814311 -0.7377215 0.5522816 -0.3188125 -0.7702882 1 0 0 0.2392356 -0.6829852 -0.6901431 0.4201277 -0.6143543 -0.6678785 0.3727238 -0.5449212 -0.7510913 0.227639 -0.6500797 -0.7249669 -0.6377185 3.64393e-5 -0.7702695 -0.7571265 -3.03531e-5 -0.6532683 -3.62658e-5 -0.637674 -0.7703064 3.02629e-5 -0.7571421 -0.6532502 0.3785871 -0.6556686 -0.6532768 0.3188865 -0.5522522 -0.7702786 -0.3671377 0.6358374 -0.6789114 -0.3670837 0.6358686 0.6789115 -1.66596e-6 0 1 5.28116e-7 0 1 -3.86622e-7 0 1 3.34811e-7 0 1 -3.34828e-7 0 1 3.5208e-7 0 1 -0.3188369 -0.5523095 0.7702581 3.48381e-5 -0.6376669 0.7703123 -2.87456e-5 -0.7571482 0.6532431 -0.3785874 -0.6556739 0.6532712 0.318897 -0.5522746 0.7702581 0.3785376 -0.655703 0.653271 -0.5522729 0.3188063 0.7702968 -0.6377101 -3.46359e-5 0.7702765 -0.7571318 2.89697e-5 0.6532621 -0.6556912 0.3785861 0.6532547 -0.5522354 -0.3188888 0.7702896 -0.6557123 -0.3785615 0.6532479 -0.3188377 0.5522553 0.7702964 -0.378537 0.6557195 0.6532548 -0.5191676 0.519213 -0.6788836 -0.5191888 0.5191432 0.6789207 0.5522733 0.3188214 -0.7702903 0.6557098 0.3785418 -0.6532617 0.3785321 0.6557161 -0.6532611 0.3188725 0.5522443 -0.77029 0.6377189 -3.61199e-5 -0.7702692 0.7571268 3.07323e-5 -0.653268 0.5522406 -0.3188944 -0.7702835 0.655708 -0.3785564 -0.653255 3.60573e-5 0.6377184 -0.7702696 -3.05166e-5 0.7571265 -0.6532684 0.390064 -0.5730036 -0.7207753 0.4051332 -0.5951919 -0.6939839 0.2824054 -0.5987697 -0.7494813 -3.03299e-5 -0.6376787 -0.7703025 2.99378e-5 -0.7571471 -0.6532444 0.316994 -0.6720966 -0.6691794 -0.2583196 -0.6237242 -0.7377257 -0.2809695 -0.6783447 -0.6788996 0.4188657 -0.5643237 -0.7114003 0.4238595 -0.5711712 -0.7029272 -0.5191481 0.5191921 0.6789144 -0.5191922 0.519148 -0.6789145 0.5522626 -0.3188413 0.7702898 0.6556826 -0.3786119 0.6532483 0.3188192 0.5522658 0.7702966 -3.47737e-5 0.6377101 0.7702765 2.88061e-5 0.7571319 0.6532621 0.378587 0.655691 0.6532545 0.6377105 3.56756e-5 0.7702762 0.7571321 -2.94679e-5 0.6532618 0.5522377 0.3188672 0.7702968 0.6557196 0.378536 0.6532551 -0.6358639 0.3670797 0.678918 -0.6358317 0.3671356 -0.678918 0.5933246 -0.3425155 -0.7284567 0.4954758 -0.4585213 -0.7377411 0.5388389 -0.498729 -0.6789125 0.6293098 -0.3633692 -0.6869732 -0.4999995 -0.8660258 0 -0.2809535 -0.6783556 -0.6788954 -3.3485e-5 -0.757143 -0.6532492 3.2633e-5 -0.6377182 -0.7702698 -0.2583076 -0.6237344 -0.7377212 0.3443987 -0.66569 -0.6620019 0.2994405 -0.5786531 -0.7586145 -0.6358685 0.3670838 -0.6789115 -0.6358373 0.3671378 0.6789115 -0.709202 0.189998 0.6789207 -0.7091853 0.1900604 -0.6789207 0.7487008 0.0345537 -0.6620069 0.6557278 0.3785412 -0.6532439 0.5522451 0.3188726 -0.7702894 0.6508314 0.03008866 -0.7586258 0.4469929 0.5824933 -0.6788954 0.4110123 0.5355709 -0.7377214 0.6448341 -0.1998001 -0.7377459 0.7013258 -0.2173134 -0.6789087 0.4999995 0.8660258 0 -0.7092073 0.1900005 -0.6789145 -0.7091912 0.1900606 0.6789145 -0.7342135 3.23787e-5 -0.6789186 -0.7342135 -3.23893e-5 0.6789186 0.5522421 -0.3188796 -0.7702887 0.6557124 -0.3785405 -0.6532598 0.7571275 3.25763e-5 -0.6532672 0.6377199 -3.79925e-5 -0.7702684 -0.5522803 -0.318816 -0.7702876 -0.6556835 -0.3785921 -0.653259 -0.3785313 -0.6557113 -0.6532663 -0.3188756 -0.5522739 -0.7702676 0.5522892 0.318821 -0.7702792 0.6596469 0.05456495 -0.7495924 0.7406556 0.06126308 -0.6690861 0.6557077 0.3785409 -0.6532643 0.7037867 -0.06828445 -0.707122 0.7037423 -0.06834167 -0.7071607 0.7308197 0.01250392 -0.6824561 0.6794763 0.01167809 -0.7336046 0.4109706 0.5356109 -0.7377156 0.4470198 0.5824633 -0.6789034 -0.6377181 3.45542e-5 -0.7702699 -0.7571262 -2.84942e-5 -0.6532686 0.3188893 -0.5522665 -0.770267 0.3785412 -0.6557059 -0.653266 -3.67535e-5 -0.6376919 -0.7702916 3.10071e-5 -0.7571313 -0.6532627 -0.7342196 3.1037e-5 0.6789121 -0.7342196 -3.1037e-5 -0.6789121 -7.62294e-7 0 1 4.40104e-7 0 1 -0.318822 -0.5522953 0.7702744 3.47421e-5 -0.6377174 0.7702704 -2.88429e-5 -0.7571369 0.6532563 -0.3785853 -0.6556865 0.6532599 0.3188826 -0.5522609 0.7702739 0.3785367 -0.6557148 0.6532597 0.5522701 -0.3188157 0.770295 0.6556882 -0.3785939 0.6532531 -0.6377096 -3.62581e-5 0.7702769 -0.5522378 -0.3188741 0.7702941 -0.6557177 -0.3785442 0.6532523 -0.7571315 3.05163e-5 0.6532625 0.6377115 3.18363e-5 0.7702754 0.7571328 -2.52665e-5 0.653261 -0.7092037 -0.1900657 0.6789 -0.7092202 -0.1900025 -0.6789004 0.5522786 0.3188163 -0.7702886 0.6556816 0.3785938 -0.6532599 0.3785331 0.6557106 -0.653266 0.3188742 0.5522753 -0.770267 -0.5522807 0.3188136 -0.7702882 -0.3188759 0.5522456 -0.7702876 -0.378539 0.6557242 -0.6532488 -0.6556949 0.3786019 -0.6532418 1.30265e-6 0 -1 7.52143e-7 0 -1 -5.50602e-7 0 -1 -4.7685e-7 0 -1 -6.51403e-7 0 -1 1.77935e-6 0 -1 -0.3188273 -0.5522779 -0.7702847 -0.5522592 -0.318898 -0.7702688 -0.6557179 -0.3785446 -0.6532519 -0.3786154 -0.655689 -0.65324 0.666862 0.1534999 -0.7292003 0.7087678 0.1630749 -0.6863344 -0.6376749 -4.03631e-5 -0.7703056 -0.7571564 3.54103e-5 -0.6532337 0.5522857 0.3188173 -0.7702831 0.637718 3.44681e-5 -0.7702699 0.7571398 -2.8414e-5 -0.653253 0.6557362 0.3785362 -0.6532385 0.3785348 -0.6557284 -0.653247 0.6557034 -0.3785984 -0.6532353 0.5522894 -0.3188198 -0.7702795 0.3188838 -0.5522742 -0.7702639 3.66721e-5 0.6376918 -0.7702916 -3.11038e-5 0.7571313 -0.6532627 -0.7092073 -0.1900005 0.6789145 -0.7091912 -0.1900606 -0.6789145 -2.89515e-7 0 1 1.67136e-7 0 1 -2.44718e-7 0 1 5.01429e-7 0 1 -8.68488e-7 0 1 1.5821e-6 0 1 -0.5522726 0.3188134 0.7702941 -0.6556888 0.3785945 0.6532522 0.3188219 0.5522958 0.770274 -3.485e-5 0.6376838 0.7702983 2.87165e-5 0.7571369 0.6532562 0.378587 0.6556858 0.6532596 -0.3188346 -0.5522888 0.7702738 3.59638e-5 -0.637708 0.7702784 -3.22931e-5 -0.7571397 0.653253 -0.3786104 -0.6556831 0.6532487 0.3188819 -0.5522229 0.7703014 0.3785974 -0.655691 0.6532483 -0.5522775 -0.318889 0.7702593 -0.6557095 -0.3785429 0.6532614 0.5522941 -0.3188629 0.7702583 0.6557097 -0.3785437 0.6532607 0.6557086 0.3785524 0.6532568 0.7571477 -3.33857e-5 0.6532438 0.6376858 3.86765e-5 0.7702966 0.5522406 0.3188968 0.7702826 -0.6376883 -3.87014e-5 0.7702945 -0.7571493 3.34154e-5 0.6532418 -0.318881 0.5522614 0.7702742 -0.3785369 0.6557143 0.6532601 0.5522368 0.3188734 0.770295 0.6557152 0.3785471 0.6532533 -0.6358807 -0.367089 -0.6788973 -0.6358478 -0.3671454 0.6788975 0.3785861 0.6557067 -0.6532391 0.3188708 0.5522546 -0.7702833 0.7571414 -2.95367e-5 -0.6532512 0.6557151 0.3785466 -0.6532536 0.5522429 0.3188815 -0.7702873 0.6376997 3.54709e-5 -0.7702851 0.6556857 -0.378598 -0.6532533 0.552278 -0.3188198 -0.7702876 0.4469851 -0.5824998 -0.6788949 0.4110056 -0.5355768 -0.7377208 0.4999893 -0.8660317 0 0.4999983 -0.8660264 0 0.4440336 -0.1685425 -0.8800157 0.7556793 -0.2869536 -0.5887329 -0.3785586 0.6557295 -0.6532321 -0.655687 0.3785924 -0.6532552 -0.5522637 0.3188815 -0.7702723 -0.3188779 0.5522215 -0.770304 -0.6358685 -0.3670838 0.6789115 -0.6358373 -0.3671378 -0.6789115 0.3188311 0.5522788 0.7702823 -3.77621e-5 0.6376867 0.7702958 3.01361e-5 0.7571484 0.653243 0.3786114 0.6556742 0.6532572 -0.3188967 0.5522403 0.7702829 -0.3785572 0.6557055 0.6532571 -0.552277 0.318832 0.7702833 -0.6556981 0.3785683 0.6532581 -0.5191525 -0.5191797 0.6789207 -0.5191888 -0.5191432 -0.6789207 0.3785966 0.6556863 -0.6532535 0.31887 0.5522493 -0.7702875 2.91128e-5 0.7571412 -0.6532512 -3.57715e-5 0.6376997 -0.7702851 -0.2809699 0.678349 -0.6788951 -0.258323 0.6237283 -0.737721 -0.4999931 0.8660295 0 -0.5000032 0.8660237 0 -0.2583121 0.6237287 -0.7377246 3.32671e-5 0.6376808 -0.7703007 -2.55578e-5 0.7571477 -0.6532437 -0.2809604 0.6783142 -0.6789339 0.4649718 0.5035192 -0.7281962 0.5028337 0.5170283 -0.692705 0.4822678 0.4958992 -0.7221508 0.492906 0.5336675 -0.6871992 0.3022937 0.5750308 -0.7602356 0.3492097 0.66442 -0.6607561 -0.5191481 -0.5191921 -0.6789144 -0.5191922 -0.519148 0.6789145 -0.3670798 -0.6358639 0.678918 -0.3671243 -0.6358382 -0.678918 0.5522772 0.318831 -0.7702835 0.6556771 0.37861 -0.653255 0.3785333 0.6556996 -0.653277 0.3188862 0.5522527 -0.7702784 0.6377189 -3.64393e-5 -0.7702692 0.7571268 3.0353e-5 -0.653268 0.5522439 -0.3188719 -0.7702905 0.6557157 -0.3785318 -0.6532616 0.3188089 -0.5522812 -0.7702898 0.3785424 -0.6557099 -0.6532613 0.3744695 0.6285009 -0.6817324 0.347338 0.5830907 -0.7344125 -3.62577e-5 -0.6377184 -0.7702696 3.02787e-5 -0.7571265 -0.6532683 -0.3188594 -0.5522516 -0.7702902 -0.3785325 -0.6557157 -0.6532613 -0.3670765 -0.6358588 0.6789246 -0.3671454 -0.6358478 -0.6788975 -0.3188067 -0.5522729 0.7702966 3.48175e-5 -0.6377101 0.7702765 -2.8754e-5 -0.7571319 0.6532621 -0.378557 -0.6557081 0.6532546 0.3188671 -0.5522385 0.7702963 0.3785801 -0.6556947 0.6532547 0.552273 -0.3188058 0.770297 0.6556903 -0.3785873 0.653255 0.6377105 3.53749e-5 0.7702762 0.7571321 -2.98248e-5 0.6532618 0.5522344 0.3188897 0.77029 0.6556872 0.3786042 0.6532481 0.3188365 0.5523098 0.7702579 0.3785877 0.6556739 0.6532711 -0.1900604 -0.7091853 -0.6789207 -0.1899981 -0.709202 0.6789207 -0.3188229 0.5522888 -0.7702786 -0.3785868 0.6556686 -0.6532769 -0.6557081 0.3785565 -0.6532548 -0.5522408 0.3188946 -0.7702833 2.5634e-7 0 -1 3.7472e-7 0 -1 0 0 -1 5.76449e-6 0 -1 1.98939e-7 0 -1 -5.76449e-6 0 -1 3.60466e-5 0.6376739 -0.7703064 -3.05232e-5 0.7571422 -0.6532502 -0.552281 -0.3188087 -0.7702901 -0.65571 -0.378542 -0.6532614 0.6694667 0.4341599 -0.6027599 0.4390089 0.284778 -0.8521577 -0.6377184 3.61199e-5 -0.7702696 -0.7571265 -3.07323e-5 -0.6532683 -0.190068 -0.7092124 -0.6788904 -0.1900027 -0.7092202 0.6789004 -0.55227 0.3188291 0.7702895 -0.63771 -3.49553e-5 0.7702766 -0.7571319 2.85904e-5 0.6532621 -0.6556836 0.3786107 0.653248 -0.5522387 -0.3188663 0.7702966 -0.6557195 -0.3785367 0.6532549 -3.47692e-5 0.6376669 0.7703123 2.88274e-5 0.7571482 0.6532431 -0.3188967 0.5522746 0.7702583 -0.378538 0.6557027 0.653271 0.7279508 0.09585452 -0.6788958 0.655724 0.3785428 -0.6532468 0.5522399 0.3188728 -0.7702931 0.6693247 0.08815652 -0.7377214 0.4043025 0.6311095 -0.6619972 0.3513882 0.5486277 -0.7586396 0.1624975 0.7160068 -0.6789175 0.1493536 0.658383 -0.7377164 0.1746959 -0.6520989 0.7377319 0.1747599 -0.6520817 -0.737732 3.31566e-5 -0.6750927 -0.737733 -3.31792e-5 -0.6750927 0.737733 0.3375169 -0.584666 0.7377318 0.3375743 -0.5846328 -0.7377317 0.4773388 -0.4773856 0.7377335 0.4773856 -0.4773387 -0.7377335 0.5846613 -0.3375251 0.7377318 0.584666 -0.3375167 -0.7377317 0.6520817 -0.1747599 0.737732 0.6520989 -0.174696 -0.7377319 0.6750927 -3.313e-5 0.737733 0.6750927 3.31477e-5 -0.737733 0.6520989 0.174696 0.7377319 0.6520817 0.1747599 -0.737732 0.5846378 0.3375657 0.7377317 0.5846329 0.337574 -0.7377318 0.4773857 0.4773386 0.7377335 0.4773388 0.4773856 -0.7377336 0.3375742 0.5846328 0.7377318 0.3375169 0.584666 -0.7377318 0.1747599 0.6520817 0.737732 0.1747505 0.6520842 -0.7377319 3.31792e-5 0.6750927 0.737733 -3.31566e-5 0.6750927 -0.737733 -0.1746959 0.6520989 0.7377319 -0.1747599 0.6520817 -0.737732 -0.3375169 0.584666 0.7377318 -0.3375743 0.5846328 -0.7377317 -0.4773388 0.4773856 0.7377335 -0.4773856 0.4773387 -0.7377335 -0.5846613 0.3375251 0.7377318 -0.584666 0.3375167 -0.7377317 -0.6520817 0.1747599 0.737732 -0.6520989 0.174696 -0.7377319 -0.6750927 3.313e-5 0.737733 -0.6750927 -3.31477e-5 -0.737733 -0.6520989 -0.174696 0.7377319 -0.6520817 -0.1747599 -0.737732 -0.5846378 -0.3375657 0.7377317 -0.5846329 -0.337574 -0.7377318 -0.4773857 -0.4773386 0.7377335 -0.4773388 -0.4773856 -0.7377336 -0.3375742 -0.5846328 0.7377318 -0.3375169 -0.584666 -0.7377318 -0.1747599 -0.6520817 0.737732 -0.1747505 -0.6520842 -0.7377319</float_array>
          <technique_common>
            <accessor source="#_SCHUNK-1324513_F-mesh-normals-array" count="1664" stride="3">
              <param name="X" type="float"/>
              <param name="Y" type="float"/>
              <param name="Z" type="float"/>
            </accessor>
          </technique_common>
        </source>
        <vertices id="_SCHUNK-1324513_F-mesh-vertices">
          <input semantic="POSITION" source="#_SCHUNK-1324513_F-mesh-positions"/>
        </vertices>
        <triangles material="Nr10003498_0Mat0-material" count="2638">
          <input semantic="VERTEX" source="#_SCHUNK-1324513_F-mesh-vertices" offset="0"/>
          <input semantic="NORMAL" source="#_SCHUNK-1324513_F-mesh-normals" offset="1"/>
          <p>948 0 472 0 449 0 948 1 449 1 558 1 948 2 558 2 769 2 948 0 769 0 646 0 948 3 646 3 1256 3 948 0 1256 0 983 0 472 4 576 4 717 4 472 5 717 5 239 5 472 0 239 0 1294 0 472 6 1294 6 1043 6 472 0 1043 0 449 0 403 0 1075 0 374 0 374 7 1075 7 1321 7 374 0 1321 0 239 0 239 0 1321 0 1169 0 239 0 1169 0 1294 0 576 8 793 8 1254 8 576 9 1254 9 377 9 576 0 377 0 328 0 576 0 328 0 272 0 576 0 272 0 717 0 1254 0 793 0 451 0 451 0 793 0 494 0 451 0 494 0 612 0 612 0 494 0 879 0 612 10 879 10 1217 10 607 0 188 0 8 0 607 11 8 11 694 11 607 12 694 12 1041 12 607 13 1041 13 913 13 607 0 913 0 908 0 815 0 1011 0 251 0 251 14 1011 14 661 14 251 15 661 15 258 15 258 0 661 0 984 0 258 16 984 16 944 16 944 0 984 0 48 0 1233 0 31 0 1227 0 1233 0 1227 0 48 0 1233 0 48 0 984 0 112 0 166 0 614 0 112 17 614 17 1173 17 112 0 1173 0 1306 0 112 18 1306 18 1050 18 112 19 1050 19 954 19 112 0 954 0 933 0 933 0 954 0 550 0 933 20 550 20 760 20 933 0 760 0 988 0 933 21 988 21 151 21 933 22 151 22 41 22 760 0 638 0 988 0 988 0 638 0 743 0 988 23 743 23 1008 23 1008 24 743 24 519 24 1008 0 519 0 977 0 41 0 151 0 1048 0 41 0 1048 0 1100 0 41 0 1100 0 1144 0 41 25 1144 25 746 25 41 26 746 26 253 26 1177 27 737 27 1249 27 1177 0 1249 0 1273 0 1177 28 1273 28 765 28 1177 29 765 29 358 29 1177 0 358 0 253 0 1177 0 253 0 746 0 1155 30 729 30 1283 30 1155 31 1283 31 62 31 1155 32 62 32 180 32 1155 33 180 33 429 33 1155 34 429 34 271 34 1155 0 271 0 780 0 1155 0 780 0 545 0 1245 35 1014 35 1094 35 1094 36 1014 36 1159 36 1094 37 1159 37 729 37 729 0 1159 0 1036 0 729 0 1036 0 1283 0 987 38 1078 38 744 38 987 39 744 39 469 39 987 40 469 40 1141 40 987 0 1141 0 568 0 987 0 568 0 481 0 987 0 481 0 844 0 987 0 844 0 859 0 987 0 859 0 892 0 55 0 744 0 1078 0 55 0 1078 0 591 0 55 41 591 41 702 41 55 42 702 42 467 42 55 43 467 43 344 43 55 44 344 44 230 44 55 45 230 45 929 45 1078 0 251 0 376 0 1078 46 376 46 497 46 1078 47 497 47 711 47 1078 48 711 48 591 48 251 49 258 49 1305 49 251 50 1305 50 555 50 251 51 555 51 929 51 251 52 929 52 128 52 251 53 128 53 1336 53 251 54 1336 54 250 54 251 55 250 55 376 55 1255 0 614 0 1090 0 1255 0 1090 0 385 0 1255 0 385 0 815 0 1255 0 815 0 251 0 614 56 166 56 613 56 614 57 613 57 1102 57 614 58 1102 58 883 58 614 0 883 0 625 0 614 0 625 0 1246 0 614 59 1246 59 1090 59 614 60 1008 60 1085 60 614 61 1085 61 1329 61 614 62 1329 62 1173 62 1008 63 1249 63 1116 63 1008 64 1116 64 1062 64 1008 65 1062 65 1025 65 1008 66 1025 66 141 66 1008 67 141 67 988 67 1249 68 708 68 1027 68 1249 0 1027 0 696 0 1249 69 696 69 322 69 1249 0 322 0 1235 0 1249 0 1235 0 1273 0 1027 0 708 0 116 0 116 0 708 0 1149 0 116 70 1149 70 0 70 0 71 1149 71 1026 71 0 72 1026 72 734 72 734 0 1026 0 1272 0 734 73 1272 73 53 73 116 74 0 74 103 74 103 75 0 75 402 75 103 0 402 0 154 0 154 0 402 0 999 0 154 0 999 0 197 0 197 0 999 0 205 0 197 0 205 0 337 0 1088 76 770 76 398 76 1088 77 398 77 139 77 1088 78 139 78 16 78 1088 55 16 55 1240 55 1088 54 1240 54 1010 54 1088 53 1010 53 1149 53 1088 79 1149 79 708 79 770 80 838 80 636 80 770 81 636 81 967 81 770 82 967 82 1239 82 770 0 1239 0 615 0 770 0 615 0 734 0 770 0 734 0 415 0 770 83 415 83 260 83 770 48 260 48 398 48 844 0 481 0 383 0 844 0 383 0 408 0 844 0 408 0 960 0 844 84 960 84 238 84 844 85 238 85 545 85 844 86 545 86 780 86 780 87 271 87 406 87 780 88 406 88 143 88 780 89 143 89 27 89 780 0 27 0 1094 0 1094 90 729 90 306 90 1094 91 306 91 1056 91 1094 92 1056 92 8 92 1094 93 8 93 188 93 1094 94 188 94 586 94 1094 95 586 95 330 95 1094 0 330 0 713 0 330 96 1121 96 713 96 713 0 1121 0 529 0 713 0 529 0 1256 0 1256 97 529 97 680 97 1256 0 680 0 1316 0 1256 0 1316 0 298 0 1256 98 298 98 649 98 1256 99 649 99 78 99 1256 100 78 100 983 100 403 0 374 0 526 0 526 0 374 0 1256 0 526 0 1256 0 752 0 752 101 1256 101 646 101 374 102 239 102 736 102 374 103 736 103 313 103 374 104 313 104 364 104 374 105 364 105 405 105 374 106 405 106 612 106 1278 107 451 107 612 107 1278 0 612 0 405 0 336 108 223 108 882 108 882 0 223 0 1309 0 882 109 1309 109 279 109 279 110 1309 110 117 110 279 111 117 111 685 111 685 0 117 0 1248 0 685 0 1248 0 282 0 282 0 1248 0 612 0 282 0 612 0 1217 0 738 0 619 0 627 0 627 0 619 0 68 0 627 0 68 0 652 0 652 0 68 0 757 0 652 112 757 112 645 112 645 113 757 113 279 113 645 0 279 0 685 0 246 114 1248 114 117 114 246 36 117 36 1331 36 246 115 1331 115 245 115 246 116 245 116 369 116 246 117 369 117 489 117 246 118 489 118 705 118 246 119 705 119 1065 119 1065 87 705 87 583 87 1065 120 583 120 695 120 1065 0 695 0 882 0 1065 0 882 0 759 0 1065 0 759 0 65 0 1065 121 65 121 1096 121 1065 122 1096 122 741 122 1065 123 741 123 980 123 1322 0 128 0 929 0 1322 0 929 0 230 0 882 124 695 124 460 124 882 125 460 125 336 125 825 0 636 0 838 0 825 0 838 0 1253 0 825 0 1253 0 980 0 825 0 980 0 741 0 169 0 415 0 734 0 169 126 734 126 53 126 1245 0 1094 0 27 0 1249 0 737 0 1116 0 1008 0 977 0 1085 0 908 0 913 0 1020 0 698 127 805 127 912 127 912 127 805 127 10 127 912 127 10 127 633 127 633 127 10 127 635 127 633 127 635 127 1226 127 1226 127 635 127 1258 127 1226 127 1258 127 560 127 560 127 1258 127 76 127 560 127 76 127 668 127 668 127 76 127 1168 127 668 127 1168 127 422 127 422 127 1168 127 310 127 422 127 310 127 309 127 309 127 310 127 421 127 309 127 421 127 1167 127 1167 127 421 127 667 127 1167 127 667 127 75 127 75 127 667 127 559 127 75 127 559 127 1257 127 1257 127 559 127 365 127 1257 127 365 127 58 127 58 127 365 127 372 127 58 127 372 127 1139 127 1139 127 372 127 346 127 1226 127 560 127 689 127 1226 127 689 127 464 127 1226 127 464 127 346 127 1226 127 346 127 372 127 372 127 365 127 823 127 372 127 823 127 392 127 372 127 392 127 454 127 372 127 454 127 505 127 372 127 505 127 634 127 505 127 43 127 634 127 634 127 43 127 571 127 634 127 571 127 632 127 632 127 571 127 420 127 632 127 420 127 1225 127 1225 127 420 127 45 127 1225 127 45 127 731 127 640 127 165 127 357 127 357 127 165 127 86 127 357 127 86 127 458 127 458 127 86 127 925 127 458 127 925 127 1196 127 1196 127 925 127 1047 127 1196 127 1047 127 1334 127 1334 127 1047 127 849 127 1334 127 849 127 1081 127 1081 127 849 127 749 127 1081 127 749 127 972 127 972 127 749 127 656 127 972 127 656 127 895 127 895 127 656 127 400 127 895 127 400 127 679 127 679 127 400 127 537 127 679 127 537 127 804 127 804 127 537 127 9 127 804 127 9 127 632 127 632 127 9 127 634 127 911 127 458 127 3 127 911 127 3 127 1108 127 911 127 1108 127 1004 127 911 127 1004 127 910 127 911 127 910 127 697 127 911 127 697 127 804 127 911 127 804 127 632 127 265 127 641 127 834 127 265 127 834 127 559 127 265 127 559 127 688 127 265 127 688 127 371 127 265 127 371 127 650 127 431 127 834 127 641 127 431 127 641 127 1269 127 431 127 1269 127 968 127 431 127 968 127 487 127 709 127 29 127 530 127 709 127 530 127 487 127 709 127 487 127 968 127 420 127 571 127 59 127 420 127 59 127 530 127 420 127 530 127 29 127 476 127 9 127 537 127 476 127 537 127 382 127 476 127 382 127 629 127 476 127 629 127 721 127 476 127 721 127 821 127 476 127 821 127 1035 127 476 127 1035 127 86 127 639 127 164 127 356 127 356 127 164 127 85 127 356 127 85 127 457 127 457 127 85 127 924 127 457 127 924 127 1195 127 1195 127 924 127 1046 127 1195 127 1046 127 1333 127 1333 127 1046 127 848 127 1333 127 848 127 1080 127 1080 127 848 127 748 127 1080 127 748 127 971 127 971 127 748 127 655 127 971 127 655 127 894 127 894 127 655 127 399 127 894 127 399 127 678 127 678 127 399 127 536 127 678 127 536 127 805 127 805 127 536 127 10 127 85 127 475 127 720 127 85 127 720 127 820 127 85 127 820 127 1034 127 85 127 1034 127 924 127 475 127 10 127 536 127 475 127 536 127 381 127 475 127 381 127 628 127 475 127 628 127 720 127 457 127 1195 127 2 127 457 127 2 127 1107 127 457 127 1107 127 1003 127 457 127 1003 127 912 127 909 127 698 127 912 127 909 127 912 127 1003 127 635 127 371 127 345 127 635 127 345 127 1138 127 635 127 1138 127 57 127 635 127 57 127 1258 127 371 127 688 127 463 127 371 127 463 127 345 127 371 127 1225 127 731 127 371 127 731 127 990 127 371 127 990 127 1293 127 371 127 1293 127 650 127 559 127 834 127 365 127 925 127 86 127 1035 127 3 127 458 127 1196 127 1082 127 99 127 93 127 93 127 99 127 1285 127 93 128 1285 128 997 128 997 127 1285 127 1068 127 997 129 1068 129 474 129 474 130 1068 130 673 130 474 131 673 131 867 131 867 132 673 132 716 132 867 133 716 133 539 133 539 127 716 127 663 127 539 134 663 134 611 134 611 135 663 135 962 135 611 136 962 136 618 136 618 127 962 127 658 127 203 137 146 137 1237 137 1237 135 146 135 1304 135 1237 138 1304 138 1338 138 1338 127 1304 127 206 127 1338 139 206 139 531 139 531 132 206 132 301 132 531 127 301 127 194 127 194 130 301 130 835 130 194 127 835 127 845 127 845 127 835 127 1082 127 845 127 1082 127 93 127 658 140 962 140 764 140 764 141 962 141 819 141 764 142 819 142 851 142 851 127 819 127 1005 127 851 143 1005 143 1326 143 1326 144 1005 144 1092 144 1326 127 1092 127 996 127 996 145 1092 145 339 145 996 127 339 127 348 127 348 127 339 127 621 127 348 127 621 127 777 127 348 127 777 127 787 127 787 127 777 127 502 127 787 146 502 146 196 146 196 127 502 127 268 127 196 147 268 147 934 147 934 145 268 145 1140 145 934 148 1140 148 15 148 15 144 1140 144 1187 144 15 149 1187 149 991 149 991 127 1187 127 1129 127 991 150 1129 150 1060 150 1060 141 1129 141 146 141 1060 127 146 127 203 127 1253 151 838 152 1060 153 1253 151 1060 153 203 154 734 155 615 155 710 155 734 155 710 155 828 155 19 156 710 157 615 158 19 156 615 158 1239 159 1066 160 19 156 1239 159 1066 160 1239 159 967 161 730 162 1066 160 967 161 730 162 967 161 636 163 915 164 730 162 636 163 915 164 636 163 825 165 665 0 1061 0 1019 0 1019 0 1061 0 827 0 1019 0 827 0 884 0 884 0 827 0 904 0 884 0 904 0 1063 0 1063 0 904 0 47 0 1063 0 47 0 1158 0 1158 0 47 0 1053 0 1158 0 1053 0 401 0 401 0 1053 0 411 0 401 166 411 166 681 166 681 0 411 0 841 0 681 0 841 0 830 0 830 0 841 0 433 0 131 0 82 0 1001 0 1001 0 82 0 1057 0 1001 0 1057 0 939 0 939 0 1057 0 1120 0 939 0 1120 0 1290 0 1290 0 1120 0 1077 0 1290 0 1077 0 890 0 890 0 1077 0 211 0 890 0 211 0 124 0 124 167 211 167 433 167 124 168 433 168 841 168 176 0 162 0 7 0 7 0 162 0 1054 0 7 0 1054 0 1134 0 1134 0 1054 0 535 0 1134 0 535 0 732 0 732 0 535 0 916 0 732 0 916 0 778 0 778 0 916 0 603 0 778 0 603 0 724 0 724 0 603 0 665 0 724 0 665 0 1019 0 82 0 1176 0 1230 0 1230 0 1176 0 1263 0 1230 0 1263 0 135 0 135 0 1263 0 471 0 135 0 471 0 228 0 228 0 471 0 123 0 228 0 123 0 783 0 783 0 123 0 792 0 783 169 792 169 1015 169 1015 0 792 0 162 0 1015 0 162 0 176 0 1176 0 82 0 131 0 1001 170 165 171 640 172 1001 170 640 172 131 173 770 174 991 175 1060 153 770 174 1060 153 838 152 102 0 1318 0 125 0 102 0 125 0 1205 0 102 0 1205 0 1109 0 102 0 1109 0 998 0 102 176 998 176 794 176 102 177 794 177 901 177 102 178 901 178 776 178 102 179 776 179 973 179 102 0 973 0 1074 0 102 0 1074 0 1185 0 169 180 1205 181 125 182 169 180 125 182 415 183 0 184 734 185 828 186 0 184 828 186 119 187 53 188 1109 189 1205 181 53 188 1205 181 169 180 1272 190 998 191 1109 189 1272 190 1109 189 53 188 260 192 1318 193 102 194 260 192 102 194 398 195 415 183 125 182 1318 193 415 183 1318 193 260 192 1026 196 794 197 998 191 1026 196 998 191 1272 190 1001 170 939 198 86 199 1001 170 86 199 165 171 147 200 412 200 534 200 147 127 534 127 637 127 147 201 637 201 846 201 147 202 846 202 714 202 147 203 714 203 829 203 147 204 829 204 608 204 147 127 608 127 499 127 147 205 499 205 380 205 147 127 380 127 130 127 147 127 130 127 276 127 400 206 656 207 412 208 400 206 412 208 147 209 1047 210 925 211 714 212 1047 210 714 212 846 213 925 211 1035 214 829 215 925 211 829 215 714 212 656 207 749 216 534 217 656 207 534 217 412 208 749 216 849 218 637 219 749 216 637 219 534 217 849 218 1047 210 846 213 849 218 846 213 637 219 15 220 991 175 14 221 15 220 14 221 1148 222 15 220 1148 222 1110 223 15 220 1110 223 923 224 15 220 923 224 299 225 15 220 299 225 291 226 15 220 291 226 931 227 15 220 931 227 671 228 991 175 770 174 766 229 991 175 766 229 775 230 991 175 775 230 14 221 1088 231 470 232 931 227 1088 231 931 227 291 226 1088 231 291 226 986 233 1088 231 986 233 1184 234 1088 231 1184 234 1213 235 1088 231 1213 235 100 236 1088 231 100 236 766 229 1088 231 766 229 770 174 398 195 102 194 1185 237 398 195 1185 237 139 238 1240 239 973 240 776 241 1240 239 776 241 1010 242 1115 243 682 244 931 227 1115 243 931 227 470 232 1115 243 470 232 1260 245 36 246 566 246 235 246 36 247 235 247 874 247 36 248 874 248 341 248 36 249 341 249 507 249 36 250 507 250 233 250 36 251 233 251 1058 251 36 252 1058 252 35 252 36 253 35 253 762 253 36 254 762 254 1274 254 36 255 1274 255 1118 255 874 256 235 257 100 236 874 256 100 236 1213 235 235 257 566 258 766 229 235 257 766 229 100 236 566 258 36 259 775 230 566 258 775 230 766 229 291 226 233 260 507 261 291 226 507 261 986 233 507 261 341 262 1184 234 507 261 1184 234 986 233 341 262 874 256 1213 235 341 262 1213 235 1184 234 353 263 682 244 1115 243 353 263 1115 243 1210 264 682 244 438 265 593 266 682 244 593 266 671 228 682 244 671 228 931 227 1118 267 14 221 775 230 1118 267 775 230 36 259 14 221 1118 267 1274 268 14 221 1274 268 1148 222 1148 222 1274 268 762 269 1148 222 762 269 1110 223 1110 223 762 269 35 270 1110 223 35 270 923 224 923 224 35 270 1058 271 923 224 1058 271 299 225 291 226 299 225 1058 271 291 226 1058 271 233 260 682 244 353 263 220 272 682 244 220 272 438 265 16 273 1074 274 973 240 16 273 973 240 1240 239 139 238 1185 237 1074 274 139 238 1074 274 16 273 1149 275 901 276 794 197 1149 275 794 197 1026 196 119 187 523 277 402 278 119 187 402 278 0 184 1010 242 776 241 901 276 1010 242 901 276 1149 275 476 279 86 199 939 198 476 279 939 198 1290 280 382 281 537 282 276 283 382 281 276 283 130 284 537 282 400 206 147 209 537 282 147 209 276 283 821 285 721 286 499 287 821 285 499 287 608 288 721 286 629 289 380 290 721 286 380 290 499 287 629 289 382 281 130 284 629 289 130 284 380 290 1035 214 821 285 608 288 1035 214 608 288 829 215 671 228 593 266 15 220 15 220 593 266 278 291 15 220 278 291 934 292 934 292 278 291 1311 293 934 292 1311 293 407 294 407 295 1311 295 878 295 407 296 878 296 701 296 701 297 878 297 138 297 701 298 138 298 949 298 949 299 138 299 1291 299 949 300 1291 300 554 300 554 301 1291 301 872 301 554 302 872 302 366 302 366 303 872 303 1123 303 366 304 1123 304 945 304 945 305 1123 305 91 305 945 306 91 306 532 306 532 307 91 308 1088 231 532 307 1088 231 708 309 708 309 934 292 577 310 708 309 577 310 386 311 708 309 386 311 1244 312 708 309 1244 312 222 313 708 309 222 313 532 307 1251 314 577 310 934 292 1251 314 934 292 407 294 1088 231 91 308 587 315 1088 231 587 315 1260 245 1088 231 1260 245 470 232 1311 293 1 316 676 317 1311 293 676 317 878 318 978 319 1343 320 1125 321 676 317 1 316 1343 320 676 317 1343 320 978 319 878 318 676 317 375 322 878 318 375 322 138 323 862 324 978 319 1125 321 375 322 676 317 978 319 375 322 978 319 862 324 138 323 375 322 847 325 138 323 847 325 1291 326 95 327 950 327 1236 327 95 328 1236 328 657 328 95 329 657 329 1146 329 95 330 1146 330 993 330 95 331 993 331 1238 331 95 332 1238 332 426 332 95 333 426 333 97 333 95 334 97 334 754 334 95 335 754 335 208 335 95 336 208 336 367 336 386 311 577 310 950 337 386 311 950 337 95 338 1251 314 1236 339 950 337 1251 314 950 337 577 310 407 294 657 340 1236 339 407 294 1236 339 1251 314 701 341 1146 342 657 340 701 341 657 340 407 294 949 343 993 344 1146 342 949 343 1146 342 701 341 993 344 949 343 554 345 993 344 554 345 1238 346 452 347 862 324 1125 321 847 325 375 322 862 324 847 325 862 324 452 347 1291 326 847 325 1055 348 1291 326 1055 348 872 349 208 350 754 351 532 307 208 350 532 307 222 313 367 352 208 350 222 313 367 352 222 313 1244 312 1244 312 386 311 95 338 1244 312 95 338 367 352 1238 346 554 345 366 353 1238 346 366 353 426 354 97 355 426 354 366 353 97 355 366 353 945 356 754 351 97 355 945 356 754 351 945 356 532 307 579 357 452 347 1125 321 1055 348 847 325 452 347 1055 348 452 347 579 357 1055 348 926 358 1123 359 1055 348 1123 359 872 349 579 357 1125 321 501 360 1055 348 579 357 501 360 1055 348 501 360 926 358 926 358 136 361 91 308 926 358 91 308 1123 359 501 360 1125 321 756 362 926 358 501 360 756 362 926 358 756 362 136 361 136 361 852 363 587 315 136 361 587 315 91 308 756 362 1125 321 1071 364 756 362 1071 364 852 363 756 362 852 363 136 361 852 363 1115 243 1260 245 852 363 1260 245 587 315 1071 364 1125 321 1210 264 1071 364 1210 264 1115 243 1071 364 1115 243 852 363 1210 264 1125 321 353 263 1125 321 220 272 353 263 593 266 438 265 600 365 593 266 600 365 278 291 1125 321 304 366 220 272 304 366 600 365 438 265 304 366 438 265 220 272 278 291 600 365 1 316 278 291 1 316 1311 293 1125 321 1343 320 304 366 1343 320 1 316 600 365 1343 320 600 365 304 366 232 367 1133 368 1027 369 232 367 1027 369 116 370 225 371 232 367 116 370 225 371 116 370 103 372 269 373 225 371 103 372 269 373 103 372 154 374 154 375 197 375 317 375 154 376 317 376 269 376 1104 377 320 378 205 379 1104 377 205 379 999 380 523 277 1104 377 999 380 523 277 999 380 402 278 456 381 317 382 197 383 456 381 197 383 337 384 337 384 205 379 320 378 337 384 320 378 456 381 1290 280 890 385 9 386 1290 280 9 386 476 279 934 292 708 309 1249 387 934 292 1249 387 196 388 1332 0 42 0 959 0 1332 389 959 389 104 389 1332 390 104 390 966 390 1332 0 966 0 73 0 1332 0 73 0 25 0 1332 0 25 0 1314 0 1332 391 1314 391 430 391 1332 392 430 392 1241 392 1332 393 1241 393 409 393 1332 394 409 394 1279 394 73 395 966 396 746 397 73 395 746 397 1144 398 358 399 765 400 870 401 358 399 870 401 479 402 322 403 696 404 795 405 322 403 795 405 437 406 1133 368 795 405 696 404 1133 368 696 404 1027 369 437 406 11 407 1235 408 437 406 1235 408 322 403 11 409 50 409 1273 409 11 409 1273 409 1235 409 479 402 378 410 253 411 479 402 253 411 358 399 378 410 153 412 41 413 378 410 41 413 253 411 50 414 870 401 765 400 50 414 765 400 1273 415 25 416 73 395 1144 398 25 416 1144 398 1100 417 959 418 42 419 1116 420 959 418 1116 420 737 421 966 396 104 422 1177 423 966 396 1177 423 746 397 1062 424 1116 420 42 419 1062 424 42 419 1332 425 1100 417 1048 426 1314 427 1100 417 1314 427 25 416 104 422 959 418 737 421 104 422 737 421 1177 423 890 385 124 428 634 429 890 385 634 429 9 386 242 127 195 127 145 127 242 430 145 430 610 430 242 431 610 431 105 431 242 432 105 432 622 432 242 433 622 433 179 433 242 127 179 127 231 127 242 127 231 127 274 127 242 127 274 127 1153 127 242 434 1153 434 319 434 242 435 319 435 1135 435 530 436 59 437 1153 438 530 436 1153 438 274 439 43 440 505 441 242 442 43 440 242 442 1135 443 487 444 530 436 274 439 487 444 274 439 231 445 59 437 571 446 319 447 59 437 319 447 1153 438 431 448 487 444 231 445 431 448 231 445 179 449 505 441 454 450 195 451 505 441 195 451 242 442 571 446 43 440 1135 443 571 446 1135 443 319 447 1249 387 1008 452 787 453 1249 387 787 453 196 388 1247 0 224 0 495 0 1247 0 495 0 359 0 1247 0 359 0 514 0 1247 0 514 0 247 0 1247 0 247 0 1206 0 1247 0 1206 0 1335 0 1247 0 1335 0 249 0 1247 0 249 0 126 0 1247 0 126 0 273 0 1247 0 273 0 28 0 760 454 550 455 247 456 760 454 247 456 514 457 153 412 850 458 933 459 153 412 933 459 41 413 954 460 1206 461 247 456 954 460 247 456 550 455 743 462 495 463 224 464 743 462 224 464 519 465 1279 466 409 467 141 468 1279 466 141 468 1025 469 1332 425 1279 466 1025 469 1332 425 1025 469 1062 424 430 470 1314 427 1048 426 430 470 1048 426 151 471 409 467 1241 472 988 473 409 467 988 473 141 468 1241 472 430 470 151 471 1241 472 151 471 988 473 638 474 359 475 495 463 638 474 495 463 743 462 760 454 514 457 359 475 760 454 359 475 638 474 519 465 224 464 1247 476 519 465 1247 476 977 477 372 478 634 429 124 428 372 478 124 428 841 479 563 127 946 127 1163 127 563 480 1163 480 1028 480 563 481 1028 481 1151 481 563 127 1151 127 922 127 563 127 922 127 595 127 563 127 595 127 691 127 563 127 691 127 898 127 563 481 898 481 773 481 563 480 773 480 887 480 563 127 887 127 660 127 1139 482 346 483 595 484 1139 482 595 484 922 485 75 486 1257 487 1028 488 75 486 1028 488 1163 489 392 490 823 491 610 492 392 490 610 492 145 493 834 494 431 448 179 449 834 494 179 449 622 495 454 450 392 490 145 493 454 450 145 493 195 451 823 491 365 496 105 497 823 491 105 497 610 492 365 496 834 494 622 495 365 496 622 495 105 497 1257 487 58 498 1151 499 1257 487 1151 499 1028 488 58 498 1139 482 922 485 58 498 922 485 1151 499 309 500 1167 501 946 502 309 500 946 502 563 503 1167 501 75 486 1163 489 1167 501 1163 489 946 502 348 504 787 453 1008 452 348 504 1008 452 614 505 1050 506 1335 507 1206 461 1050 506 1206 461 954 460 850 458 1340 508 112 509 850 458 112 509 933 459 1085 510 28 511 273 512 1085 510 273 512 1329 513 977 477 1247 476 28 511 977 477 28 511 1085 510 1306 514 249 515 1335 507 1306 514 1335 507 1050 506 49 516 508 517 613 518 49 516 613 518 166 519 883 520 1102 520 994 520 883 520 994 520 784 520 508 517 994 521 1102 522 508 517 1102 522 613 518 1340 508 49 516 166 519 1340 508 166 519 112 509 1173 523 126 524 249 515 1173 523 249 515 1306 514 1329 513 273 512 126 524 1329 513 126 524 1173 523 1226 525 372 478 841 479 1226 525 841 479 411 526 689 527 560 528 773 529 689 527 773 529 898 530 560 528 668 531 887 532 560 528 887 532 773 529 668 531 422 533 660 534 668 531 660 534 887 532 346 483 464 535 691 536 346 483 691 536 595 484 464 535 689 527 898 530 464 535 898 530 691 536 422 533 309 500 563 503 422 533 563 503 660 534 614 505 1255 537 996 538 614 505 996 538 348 504 521 539 1142 540 1246 541 521 539 1246 541 625 542 784 543 521 539 625 542 784 543 625 542 883 544 1142 540 982 545 1090 546 1142 540 1090 546 1246 541 982 545 267 547 385 548 982 545 385 548 1090 546 1053 549 633 550 1226 525 1053 549 1226 525 411 526 1255 537 251 551 1326 552 1255 537 1326 552 996 538 918 553 569 554 661 555 918 553 661 555 1011 556 718 557 918 553 1011 556 718 557 1011 556 815 558 569 554 902 559 984 560 569 554 984 560 661 555 815 558 385 548 267 547 815 558 267 547 718 557 1053 549 47 561 912 562 1053 549 912 562 633 550 851 563 1326 552 251 551 851 563 251 551 1078 564 953 0 747 0 659 0 953 0 659 0 556 0 953 179 556 179 288 179 953 178 288 178 418 178 953 177 418 177 264 177 953 176 264 176 524 176 953 0 524 0 626 0 953 0 626 0 726 0 953 0 726 0 937 0 953 0 937 0 832 0 1336 565 288 566 556 567 1336 565 556 567 250 568 1131 569 1252 570 31 571 1131 569 31 571 1233 572 1233 573 984 573 902 573 1233 573 902 573 1131 573 1252 570 1124 574 1227 575 1252 570 1227 575 31 571 1124 574 1268 576 48 577 1124 574 48 577 1227 575 944 578 48 577 1268 576 944 578 1268 576 856 579 258 580 944 578 856 579 258 580 856 579 149 581 1336 565 128 582 418 583 1336 565 418 583 288 566 1322 584 264 585 418 583 1322 584 418 583 128 582 497 586 747 587 953 588 497 586 953 588 711 589 376 590 659 591 747 587 376 590 747 587 497 586 250 568 556 567 659 591 250 568 659 591 376 590 457 592 912 562 47 561 457 592 47 561 904 593 896 127 1007 127 905 127 896 127 905 127 1127 127 896 205 1127 205 1234 205 896 127 1234 127 6 127 896 204 6 204 254 204 896 203 254 203 108 203 896 202 108 202 241 202 896 201 241 201 1327 201 896 127 1327 127 1199 127 896 200 1199 200 1098 200 909 594 1003 595 1234 596 909 594 1234 596 1127 597 1003 595 1107 598 6 599 1003 595 6 599 1234 596 1107 598 2 600 254 601 1107 598 254 601 6 599 678 602 805 603 1007 604 678 602 1007 604 896 605 805 603 698 606 905 607 805 603 905 607 1007 604 698 606 909 594 1127 597 698 606 1127 597 905 607 1078 564 987 608 764 609 1078 564 764 609 851 563 230 610 524 611 264 585 230 610 264 585 1322 584 441 612 836 613 929 614 441 612 929 614 555 615 55 155 929 155 836 155 55 155 836 155 1280 155 1188 616 441 612 555 615 1188 616 555 615 1305 617 149 581 1188 616 1305 617 149 581 1305 617 258 580 344 618 626 619 524 611 344 618 524 611 230 610 467 620 726 621 626 619 467 620 626 619 344 618 702 622 937 623 726 621 702 622 726 621 467 620 1280 624 653 625 744 626 1280 624 744 626 55 627 349 628 1038 629 1141 630 349 628 1141 630 469 631 653 625 349 628 469 631 653 625 469 631 744 626 1038 629 450 632 568 633 1038 629 568 633 1141 630 591 634 832 635 937 623 591 634 937 623 702 622 711 589 953 588 832 635 711 589 832 635 591 634 827 636 356 637 457 592 827 636 457 592 904 593 2 600 1195 638 108 639 2 600 108 639 254 601 1195 638 1333 640 241 641 1195 638 241 641 108 639 1333 640 1080 642 1327 643 1333 640 1327 643 241 641 1080 642 971 644 1199 645 1080 642 1199 645 1327 643 971 644 894 646 1098 647 971 644 1098 647 1199 645 894 646 678 602 896 605 894 646 896 605 1098 647 764 609 987 608 892 648 764 609 892 648 617 649 764 609 617 649 484 650 764 609 484 650 658 651 484 652 443 652 618 652 484 652 618 652 658 652 589 652 617 652 892 652 589 652 892 652 859 652 361 653 263 653 383 653 361 653 383 653 481 653 450 632 361 654 481 655 450 632 481 655 568 633 1328 0 34 0 624 0 1328 0 624 0 617 0 1328 0 617 0 589 0 1328 0 589 0 584 0 1214 127 1174 127 435 127 1214 127 435 127 443 127 1214 127 443 127 484 127 1214 127 484 127 492 127 492 653 484 653 617 653 492 653 617 653 624 653 492 653 624 653 588 653 283 652 1312 652 1330 652 1330 656 1312 656 1000 656 1330 657 1000 657 1214 657 1214 652 1000 652 1132 652 1214 658 1132 658 715 658 34 659 1328 659 83 659 34 660 83 660 578 660 34 661 578 661 115 661 34 652 115 652 283 652 34 652 283 652 1330 652 1328 662 1211 662 1232 662 1328 663 1232 663 226 663 1328 652 226 652 83 652 1099 652 955 652 1174 652 1099 664 1174 664 1214 664 1099 665 1214 665 715 665 1232 666 1211 666 1174 666 1232 667 1174 667 955 667 34 668 1330 668 588 668 34 668 588 668 624 668 1330 669 1214 669 492 669 1330 669 492 669 588 669 404 670 324 670 321 670 321 671 324 671 227 671 321 672 227 672 171 672 171 652 227 652 1106 652 171 673 1106 673 1023 673 1023 652 1106 652 106 652 1023 652 106 652 1341 652 1341 652 106 652 995 652 255 674 256 674 185 674 185 652 256 652 120 652 185 652 120 652 1084 652 1084 652 120 652 995 652 1084 652 995 652 106 652 468 675 889 675 809 675 468 652 809 652 404 652 468 676 404 676 321 676 256 677 363 677 414 677 414 652 363 652 788 652 414 675 788 675 869 675 869 652 788 652 482 652 869 652 482 652 582 652 582 652 482 652 809 652 582 678 809 678 889 678 363 670 256 670 255 670 1132 679 920 680 503 681 1132 679 503 681 715 682 826 683 866 684 570 685 826 683 570 685 522 686 992 687 647 688 989 689 992 687 989 689 60 690 541 691 338 692 707 693 541 691 707 693 886 694 863 695 170 696 572 697 863 695 572 697 1189 698 809 699 482 700 863 695 809 699 863 695 1189 698 262 701 572 697 170 696 262 701 170 696 1201 702 826 683 522 686 582 703 826 683 582 703 889 704 1201 702 992 687 60 690 1201 702 60 690 262 701 647 688 541 691 886 694 647 688 886 694 989 689 920 680 707 693 338 692 920 680 338 692 503 681 33 705 466 706 506 707 33 705 506 707 72 708 466 706 1079 709 1117 710 466 706 1117 710 506 707 1215 711 33 705 72 708 1215 711 72 708 1243 712 1243 712 1183 713 1215 711 509 714 570 685 866 684 509 714 866 684 810 715 200 716 509 714 810 715 200 716 810 715 544 717 797 718 512 719 200 716 797 718 200 716 544 717 920 680 1132 679 1000 720 920 680 1000 720 808 721 355 722 394 723 866 684 355 722 866 684 826 683 60 690 989 689 733 724 60 690 733 724 1089 725 886 694 707 693 351 726 886 694 351 726 553 727 843 728 1189 698 572 697 843 728 572 697 187 729 404 730 809 699 1189 698 404 730 1189 698 843 728 572 697 262 701 1218 731 572 697 1218 731 187 729 355 722 826 683 889 704 355 722 889 704 468 732 262 701 60 690 1089 725 262 701 1089 725 1218 731 989 689 886 694 553 727 989 689 553 727 733 724 808 721 351 726 707 693 808 721 707 693 920 680 72 708 506 707 609 733 72 708 609 733 175 734 506 707 1117 710 1212 735 506 707 1212 735 609 733 1301 736 1243 712 72 708 1301 736 72 708 175 734 1301 736 1183 713 1243 712 394 723 332 737 810 715 394 723 810 715 866 684 1344 738 544 717 810 715 1344 738 810 715 332 737 295 739 797 718 544 717 295 739 544 717 1344 738 722 740 20 741 1325 742 722 740 1325 742 692 743 814 744 134 745 20 741 814 744 20 741 722 740 134 745 814 744 936 746 134 745 936 746 285 747 1067 748 448 749 285 747 1067 748 285 747 936 746 1175 750 562 751 448 749 1175 750 448 749 1067 748 1207 752 601 753 562 751 1207 752 562 751 1175 750 601 753 1207 752 1179 754 601 753 1179 754 567 755 567 755 1179 754 1076 756 567 755 1076 756 455 757 455 757 1076 756 943 758 455 757 943 758 297 759 822 760 140 761 297 759 822 760 297 759 943 758 140 761 822 760 727 762 140 761 727 762 22 763 22 763 727 762 692 743 22 763 692 743 1325 742 92 764 157 765 142 766 92 764 219 767 157 765 296 768 219 767 92 764 157 765 326 769 289 770 157 765 289 770 142 766 219 767 417 771 326 769 219 767 326 769 157 765 557 772 417 771 219 767 557 772 219 767 296 768 326 769 722 740 692 743 326 769 692 743 289 770 417 771 814 744 722 740 417 771 722 740 326 769 936 746 814 744 417 771 936 746 417 771 557 772 296 768 92 764 370 773 428 774 370 773 92 764 459 775 428 774 92 764 557 772 296 768 370 773 557 772 370 773 669 776 751 777 669 776 370 773 751 777 370 773 428 774 790 778 751 777 428 774 790 778 428 774 459 775 936 746 557 772 669 776 936 746 669 776 1067 748 1175 750 1067 748 669 776 1175 750 669 776 751 777 1207 752 1175 750 751 777 1207 752 751 777 790 778 459 775 92 764 432 779 432 779 92 764 373 780 373 780 92 764 302 781 790 778 459 775 432 779 790 778 432 779 755 782 755 782 432 779 373 780 755 782 373 780 672 783 373 780 302 781 565 784 373 780 565 784 672 783 1207 752 790 778 755 782 1207 752 755 782 1179 754 672 783 1076 756 1179 754 672 783 1179 754 755 782 672 783 565 784 943 758 672 783 943 758 1076 756 92 764 221 785 302 781 221 785 92 764 159 786 159 786 92 764 142 766 221 785 424 787 565 784 221 785 565 784 302 781 221 785 159 786 329 788 221 785 329 788 424 787 142 766 289 770 329 788 142 766 329 788 159 786 424 787 822 760 943 758 424 787 943 758 565 784 329 788 727 762 822 760 329 788 822 760 424 787 329 788 289 770 692 743 329 788 692 743 727 762 808 721 1000 720 1312 789 808 721 1312 789 1073 790 1114 791 394 723 355 722 1114 791 355 722 1072 792 1089 725 733 724 799 793 1089 725 799 793 1162 794 553 727 351 726 343 795 553 727 343 795 547 796 843 728 187 729 172 797 843 728 172 797 807 798 324 799 404 730 843 728 324 799 843 728 807 798 187 729 1218 731 1220 800 187 729 1220 800 172 797 1072 792 355 722 468 732 1072 792 468 732 321 801 1072 792 321 801 167 802 1218 731 1089 725 1162 794 1218 731 1162 794 1220 800 799 793 733 724 553 727 799 793 553 727 547 796 351 726 808 721 1073 790 351 726 1073 790 343 795 175 734 609 733 740 803 175 734 740 803 312 804 609 733 1212 735 40 805 609 733 40 805 740 803 1301 736 175 734 312 804 1301 736 312 804 44 806 1183 713 1301 736 44 806 394 723 1114 791 1042 807 394 723 1042 807 332 737 768 808 1344 738 332 737 768 808 332 737 1042 807 1344 738 768 808 976 809 1344 738 976 809 295 739 244 652 71 652 1229 652 244 810 1229 810 1113 810 244 652 1113 652 1069 652 244 811 1069 811 1072 811 244 812 1072 812 167 812 244 813 167 813 605 813 244 814 605 814 604 814 244 652 604 652 564 652 244 815 564 815 427 815 71 155 244 155 144 155 71 155 144 155 1308 155 1308 816 1136 817 1229 818 1308 816 1229 818 71 819 1136 817 1016 820 1113 821 1136 817 1113 821 1229 818 1016 820 975 822 1069 823 1016 820 1069 823 1113 821 1072 127 1069 127 975 127 1072 127 975 127 976 127 1072 824 976 824 768 824 1072 825 768 825 1042 825 1072 826 1042 826 1114 826 1073 790 1312 789 283 827 1073 790 283 827 37 828 605 829 1317 830 21 831 605 829 21 831 644 832 1162 794 799 793 865 833 1162 794 865 833 1224 834 547 796 343 795 327 835 547 796 327 835 527 836 761 837 807 798 172 797 761 837 172 797 150 838 324 799 807 798 761 837 324 799 761 837 227 839 1209 840 150 838 172 797 1209 840 172 797 1220 800 171 841 1317 830 605 829 171 841 605 829 167 802 171 841 167 802 321 801 1220 800 1162 794 1224 834 1220 800 1224 834 1209 840 799 793 547 796 527 836 799 793 527 836 865 833 37 828 327 835 343 795 37 828 343 795 1073 790 312 804 740 803 875 842 312 804 875 842 446 843 740 803 40 805 199 844 740 803 199 844 875 842 118 845 44 806 312 804 118 845 312 804 446 843 118 845 1183 713 44 806 1277 846 580 847 644 832 1277 846 644 832 21 831 580 847 1277 846 952 848 580 847 952 848 236 849 1166 850 511 851 236 849 1166 850 236 849 952 848 325 852 144 853 244 854 325 852 244 854 427 855 461 856 325 852 427 855 461 856 427 855 564 857 511 0 510 0 604 0 511 0 604 0 605 0 511 0 605 0 644 0 511 0 644 0 580 0 511 0 580 0 236 0 510 858 461 856 564 857 510 858 564 857 604 859 115 860 1204 861 37 828 115 860 37 828 283 827 840 862 885 863 21 831 840 862 21 831 1317 830 1224 834 865 833 574 864 1224 834 574 864 928 865 527 836 327 835 1250 866 527 836 1250 866 111 867 1093 868 368 869 761 837 1093 868 761 837 150 838 1106 870 227 839 761 837 1106 870 761 837 368 869 150 838 1209 840 881 871 150 838 881 871 1093 868 1023 872 840 862 1317 830 1023 872 1317 830 171 841 1209 840 1224 834 928 865 1209 840 928 865 881 871 527 836 111 867 574 864 527 836 574 864 865 833 1204 861 1250 866 327 835 1204 861 327 835 37 828 446 843 875 842 958 873 446 843 958 873 542 874 875 842 199 844 314 875 875 842 314 875 958 873 542 874 181 876 118 845 542 874 118 845 446 843 181 876 1183 713 118 845 885 863 806 877 1277 846 885 863 1277 846 21 831 806 877 486 878 952 848 806 877 952 848 1277 846 690 879 1166 850 952 848 690 879 952 848 486 878 259 880 917 881 893 882 259 880 893 882 229 883 917 881 259 880 379 884 917 881 379 884 1006 885 538 886 1150 887 1006 885 538 886 1006 885 379 884 1150 887 538 886 670 888 1150 887 670 888 1296 889 767 890 74 891 1296 889 767 890 1296 889 670 888 802 892 114 893 74 891 802 892 74 891 767 890 114 893 802 892 772 894 114 893 772 894 81 895 81 895 772 894 674 896 81 895 674 896 1302 897 546 898 1157 899 1302 897 546 898 1302 897 674 896 1157 899 546 898 384 900 1157 899 384 900 1012 901 266 902 921 903 1012 901 266 902 1012 901 384 900 921 903 266 902 229 883 921 903 229 883 893 882 974 904 1032 905 1013 906 974 904 1083 907 1032 905 1156 908 1083 907 974 904 1032 905 1182 909 1152 910 1032 905 1152 910 1013 906 1083 907 1275 911 1182 909 1083 907 1182 909 1032 905 70 912 1275 911 1083 907 70 912 1083 907 1156 908 1182 909 259 880 229 883 1182 909 229 883 1152 910 1275 911 379 884 259 880 1275 911 259 880 1182 909 538 886 379 884 1275 911 538 886 1275 911 70 912 1156 908 974 904 1219 913 1284 914 1219 913 974 904 1307 915 1284 914 974 904 70 912 1156 908 1219 913 70 912 1219 913 213 916 311 917 213 916 1219 913 311 917 1219 913 1284 914 347 918 311 917 1284 914 347 918 1284 914 1307 915 538 886 70 912 213 916 538 886 213 916 670 888 767 890 670 888 213 916 767 890 213 916 311 917 802 892 767 890 311 917 802 892 311 917 347 918 1307 915 974 904 1287 919 1287 919 974 904 1222 920 1222 920 974 904 1160 921 347 918 1307 915 1287 919 347 918 1287 919 315 922 315 922 1287 919 1222 920 315 922 1222 920 215 923 1222 920 1160 921 79 924 1222 920 79 924 215 923 802 892 347 918 315 922 802 892 315 922 772 894 215 923 674 896 772 894 215 923 772 894 315 922 215 923 79 924 546 898 215 923 546 898 674 896 974 904 1086 925 1160 921 1086 925 974 904 1033 926 1033 926 974 904 1013 906 1086 925 1281 927 79 924 1086 925 79 924 1160 921 1086 925 1033 926 1186 928 1086 925 1186 928 1281 927 1013 906 1152 910 1186 928 1013 906 1186 928 1033 926 1281 927 384 900 546 898 1281 927 546 898 79 924 1186 928 266 902 384 900 1186 928 384 900 1281 927 1186 928 1152 910 229 883 1186 928 229 883 266 902 578 929 333 930 1204 861 578 929 1204 861 115 860 1111 931 1154 932 885 863 1111 931 885 863 840 862 928 865 574 864 903 933 928 865 903 933 1282 934 111 867 1250 866 286 935 111 867 286 935 496 936 109 937 704 938 368 869 109 937 368 869 1093 868 704 938 106 939 1106 870 704 938 1106 870 368 869 1190 940 109 937 1093 868 1190 940 1093 868 881 871 1023 872 1341 941 1111 931 1023 872 1111 931 840 862 881 871 928 865 1282 934 881 871 1282 934 1190 940 496 936 903 933 574 864 496 936 574 864 111 867 333 930 286 935 1250 866 333 930 1250 866 1204 861 981 942 575 943 542 874 981 942 542 874 958 873 958 873 314 875 350 944 958 873 350 944 981 942 542 874 575 943 201 945 542 874 201 945 181 876 201 945 1183 713 181 876 885 863 1154 932 1070 946 885 863 1070 946 806 877 806 877 1070 946 763 947 806 877 763 947 486 878 486 878 763 947 942 948 486 878 942 948 690 879 639 949 356 637 827 636 639 949 827 636 1061 950 844 951 611 952 618 953 844 951 618 953 443 954 844 951 443 954 589 955 844 951 589 955 859 956 263 957 300 958 408 959 263 957 408 959 383 960 435 653 488 653 584 653 435 653 584 653 589 653 435 653 589 653 443 653 1174 961 1211 961 488 961 1174 961 488 961 435 961 1211 962 1328 962 584 962 1211 962 584 962 488 962 333 930 578 929 83 963 333 930 83 963 1178 964 818 965 860 966 1154 932 818 965 1154 932 1111 931 1282 934 903 933 548 967 1282 934 548 967 906 968 496 936 286 935 1216 969 496 936 1216 969 88 970 109 937 1059 971 342 972 109 937 342 972 704 938 1084 973 106 939 704 938 1084 973 704 938 342 972 109 937 1190 940 854 974 109 937 854 974 1059 971 1341 941 995 975 818 965 1341 941 818 965 1111 931 1190 940 1282 934 906 968 1190 940 906 968 854 974 88 970 548 967 903 933 88 970 903 933 496 936 286 935 333 930 1178 964 286 935 1178 964 1216 969 981 942 951 976 540 977 981 942 540 977 575 943 981 942 350 944 308 978 981 942 308 978 951 976 575 943 540 977 178 979 575 943 178 979 201 945 201 945 178 979 1183 713 1154 932 860 966 789 980 1154 932 789 980 1070 946 1070 946 789 980 465 981 1070 946 465 981 763 947 664 982 942 948 763 947 664 982 763 947 465 981 590 983 1192 984 1161 742 590 983 1161 742 551 985 275 986 122 987 812 988 275 986 812 988 932 989 1029 990 390 991 275 986 1029 990 275 986 932 989 1064 992 444 993 390 991 1064 992 390 991 1029 990 444 993 1064 992 1031 994 444 993 1031 994 395 995 395 995 1031 994 935 996 395 995 935 996 284 997 813 998 133 805 284 997 813 998 284 997 935 996 133 805 813 998 686 999 133 805 686 999 1319 1000 592 1001 1197 1002 1319 1000 592 1001 1319 1000 686 999 1197 1002 592 1001 551 985 1197 1002 551 985 1161 742 1267 1003 1337 1004 1323 1005 1267 1003 52 1006 1337 1004 132 1007 52 1006 1267 1003 160 1008 127 1009 1323 1005 160 1008 1323 1005 1337 1004 52 1006 248 1010 160 1008 52 1006 160 1008 1337 1004 132 1007 388 1011 248 1010 132 1007 248 1010 52 1006 590 983 551 985 127 1009 590 983 127 1009 160 1008 132 1007 1267 1003 214 1012 257 1013 214 1012 1267 1003 290 1014 257 1013 1267 1003 388 1011 132 1007 214 1012 388 1011 214 1012 528 1015 616 1016 528 1015 214 1012 616 1016 214 1012 257 1013 651 1017 616 1016 257 1013 651 1017 257 1013 290 1014 932 989 812 988 388 1011 932 989 388 1011 528 1015 1029 990 932 989 528 1015 1029 990 528 1015 616 1016 1064 992 1029 990 616 1016 1064 992 616 1016 651 1017 290 1014 1267 1003 261 1018 261 1018 1267 1003 216 1019 216 1019 1267 1003 137 1020 651 1017 290 1014 261 1018 651 1017 261 1018 620 1021 620 1021 261 1018 216 1019 620 1021 216 1019 533 1022 216 1019 137 1020 393 1023 216 1019 393 1023 533 1022 1064 992 651 1017 620 1021 1064 992 620 1021 1031 994 533 1022 935 996 1031 994 533 1022 1031 994 620 1021 533 1022 393 1023 813 998 533 1022 813 998 935 996 1267 1003 56 1024 137 1020 56 1024 1267 1003 1339 1025 1339 1025 1267 1003 1323 1005 56 1024 252 1026 393 1023 56 1024 393 1023 137 1020 56 1024 1339 1025 163 1027 56 1024 163 1027 252 1026 1323 1005 127 1009 163 1027 1323 1005 163 1027 1339 1025 252 1026 686 999 813 998 252 1026 813 998 393 1023 163 1027 592 1001 686 999 163 1027 686 999 252 1026 163 1027 127 1009 551 985 163 1027 551 985 592 1001 1178 964 83 963 226 1028 1178 964 226 1028 1324 1029 1264 1030 1320 1031 860 966 1264 1030 860 966 818 965 906 968 548 967 816 1032 906 968 816 1032 1181 1033 88 970 1216 969 270 1034 88 970 270 1034 483 1035 1059 971 96 1036 725 1037 1059 971 725 1037 342 972 342 972 725 1037 185 1038 342 972 185 1038 1084 973 1172 1039 96 1036 1059 971 1172 1039 1059 971 854 974 995 975 120 1040 1264 1030 995 975 1264 1030 818 965 854 974 906 968 1181 1033 854 974 1181 1033 1172 1039 483 1035 816 1032 548 967 483 1035 548 967 88 970 1216 969 1178 964 1324 1029 1216 969 1324 1029 270 1034 540 977 951 976 871 1041 540 977 871 1041 440 1042 951 976 308 978 192 1043 951 976 192 1043 871 1041 540 977 440 1042 113 1044 540 977 113 1044 178 979 178 979 113 1044 1183 713 1320 1031 1228 1045 789 980 1320 1031 789 980 860 966 789 980 1228 1045 919 1046 789 980 919 1046 465 981 1130 1047 664 982 465 981 1130 1047 465 981 919 1046 1192 984 590 983 683 1048 1192 984 683 1048 1313 1049 812 988 122 987 1313 1049 812 988 1313 1049 683 1048 248 1010 683 1048 590 983 248 1010 590 983 160 1008 812 988 683 1048 248 1010 812 988 248 1010 388 1011 1232 1050 1009 1051 1324 1029 1232 1050 1324 1029 226 1028 110 1052 161 1053 1320 1031 110 1052 1320 1031 1264 1030 1181 1033 816 1032 745 1054 1181 1033 745 1054 1103 1055 483 1035 270 1034 277 1056 483 1035 277 1056 491 1057 107 1058 758 1059 725 1037 107 1058 725 1037 96 1036 255 1060 185 1038 725 1037 255 1060 725 1037 758 1059 1171 1061 107 1058 96 1036 1171 1061 96 1036 1172 1039 120 1040 256 1062 110 1052 120 1040 110 1052 1264 1030 1172 1039 1181 1033 1103 1055 1172 1039 1103 1055 1171 1061 483 1035 491 1057 745 1054 483 1035 745 1054 816 1032 270 1034 1324 1029 1009 1051 270 1034 1009 1051 277 1056 735 1063 305 1064 440 1042 735 1063 440 1042 871 1041 871 1041 192 1043 32 1065 871 1041 32 1065 735 1063 440 1042 305 1064 38 1066 440 1042 38 1066 113 1044 38 1066 1183 713 113 1044 1320 1031 161 1053 87 1067 1320 1031 87 1067 1228 1045 1228 1045 87 1067 1095 1068 1228 1045 1095 1068 919 1046 919 1046 1095 1068 4 1069 919 1046 4 1069 1130 1047 853 1070 177 1071 13 1072 853 1070 13 1072 719 1073 938 1074 287 1075 177 1071 938 1074 177 1071 853 1070 969 1076 334 1077 287 1075 969 1076 287 1075 938 1074 23 1078 1165 1079 94 1080 155 1081 94 1080 1165 1079 186 1082 155 1081 1165 1079 280 1083 23 1078 94 1080 280 1083 94 1080 416 1084 520 1085 416 1084 94 1080 520 1085 94 1080 155 1081 561 1086 520 1085 155 1081 561 1086 155 1081 186 1082 719 1073 280 1083 416 1084 719 1073 416 1084 853 1070 938 1074 853 1070 416 1084 938 1074 416 1084 520 1085 969 1076 938 1074 520 1085 969 1076 520 1085 561 1086 941 1087 294 1088 334 1077 941 1087 334 1077 969 1076 857 1089 184 1090 294 1088 857 1089 294 1088 941 1087 728 1091 24 1092 184 1090 728 1091 184 1090 857 1089 186 1082 1165 1079 158 1093 158 1093 1165 1079 98 1094 98 1094 1165 1079 26 1095 561 1086 186 1082 158 1093 561 1086 158 1093 525 1096 525 1096 158 1093 98 1094 525 1096 98 1094 423 1097 98 1094 26 1095 292 1098 98 1094 292 1098 423 1097 969 1076 561 1086 525 1096 969 1076 525 1096 941 1087 423 1097 857 1089 941 1087 423 1097 941 1087 525 1096 423 1097 292 1098 728 1091 423 1097 728 1091 857 1089 955 1099 753 1100 1009 1051 955 1099 1009 1051 1232 1050 316 1101 360 1102 161 1053 316 1101 161 1053 110 1052 1103 1055 745 1054 693 1103 1103 1055 693 1103 1040 1104 491 1057 277 1056 303 1105 491 1057 303 1105 504 1106 107 1058 129 1107 798 1108 107 1058 798 1108 758 1059 758 1059 798 1108 363 1109 758 1059 363 1109 255 1060 1180 1110 129 1107 107 1058 1180 1110 107 1058 1171 1061 256 1062 414 1111 316 1101 256 1062 316 1101 110 1052 1171 1061 1103 1055 1040 1104 1171 1061 1040 1104 1180 1110 504 1106 693 1103 745 1054 504 1106 745 1054 491 1057 753 1100 303 1105 277 1056 753 1100 277 1056 1009 1051 735 1063 606 1112 168 1113 735 1063 168 1113 305 1064 735 1063 32 1065 1208 1114 735 1063 1208 1114 606 1112 305 1064 168 1113 1299 1115 305 1064 1299 1115 38 1066 38 1066 1299 1115 1183 713 161 1053 360 1102 281 1116 161 1053 281 1116 87 1067 87 1067 281 1116 1298 1117 87 1067 1298 1117 1095 1068 243 1118 4 1069 1095 1068 243 1118 1095 1068 1298 1117 485 1119 1097 1120 1052 1121 485 1119 1052 1121 445 1122 594 1123 1198 1124 1097 1120 594 1123 1097 1120 485 1119 719 1073 13 1072 1198 1124 719 1073 1198 1124 594 1123 1165 1079 1221 1125 1203 1126 1165 1079 1286 1127 1221 1125 23 1078 1286 1127 1165 1079 1221 1125 51 1128 18 1129 1221 1125 18 1129 1203 1126 1286 1127 148 1130 51 1128 1286 1127 51 1128 1221 1125 280 1083 148 1130 1286 1127 280 1083 1286 1127 23 1078 51 1128 485 1119 445 1122 51 1128 445 1122 18 1129 148 1130 594 1123 485 1119 148 1130 485 1119 51 1128 719 1073 594 1123 148 1130 719 1073 148 1130 280 1083 597 1131 1202 1132 24 1092 597 1131 24 1092 728 1091 490 1133 1101 1134 1202 1132 490 1133 1202 1132 597 1131 445 1122 1052 1121 1101 1134 445 1122 1101 1134 490 1133 1165 1079 1288 1135 26 1095 1288 1135 1165 1079 1223 1136 1223 1136 1165 1079 1203 1126 1288 1135 152 1137 292 1098 1288 1135 292 1098 26 1095 1288 1135 1223 1136 54 1138 1288 1135 54 1138 152 1137 1203 1126 18 1129 54 1138 1203 1126 54 1138 1223 1136 152 1137 597 1131 728 1091 152 1137 728 1091 292 1098 54 1138 490 1133 597 1131 54 1138 597 1131 152 1137 54 1138 18 1129 445 1122 54 1138 445 1122 490 1133 1099 1139 897 1140 753 1100 1099 1139 753 1100 955 1099 800 1141 842 1142 360 1102 800 1141 360 1102 316 1101 1040 1104 693 1103 965 1143 1040 1104 965 1143 30 1144 504 1106 303 1105 687 1145 504 1106 687 1145 855 1146 798 1108 129 1107 543 1147 798 1108 543 1147 1164 1148 788 1149 363 1109 798 1108 788 1149 798 1108 1164 1148 129 1107 1180 1110 237 1150 129 1107 237 1150 543 1147 316 1101 414 1111 869 1151 316 1101 869 1151 800 1141 1180 1110 1040 1104 30 1144 1180 1110 30 1144 237 1150 965 1143 693 1103 504 1106 965 1143 504 1106 855 1146 303 1105 753 1100 897 1140 303 1105 897 1140 687 1145 168 1113 606 1112 500 1152 168 1113 500 1152 66 1153 606 1112 1208 1114 1112 1154 606 1112 1112 1154 500 1152 1299 1115 168 1113 66 1153 1299 1115 66 1153 1242 1155 1183 713 1299 1115 1242 1155 842 1142 791 1156 281 1116 842 1142 281 1116 360 1102 1298 1117 281 1116 791 1156 1298 1117 791 1156 518 1157 782 1158 243 1118 1298 1117 782 1158 1298 1117 518 1157 1262 1159 1119 1160 513 1161 1262 1159 513 1161 648 1162 779 1163 84 1164 1262 1159 779 1163 1262 1159 648 1162 877 1165 204 1166 84 1164 877 1165 84 1164 779 1163 907 992 240 993 204 1166 907 992 204 1166 877 1165 202 1167 61 1168 1191 1169 202 1167 1191 1169 1270 1170 648 1162 513 1161 61 1168 648 1162 61 1168 202 1167 5 1171 335 1172 202 1167 5 1171 202 1167 1270 1170 67 1173 434 1174 335 1172 67 1173 335 1172 5 1171 434 1174 67 1173 90 1175 434 1174 90 1175 477 1176 648 1162 202 1167 335 1172 648 1162 335 1172 779 1163 877 1165 779 1163 335 1172 877 1165 335 1172 434 1174 907 992 877 1165 434 1174 907 992 434 1174 477 1176 1166 1177 690 1177 81 1177 1166 1178 81 1178 1302 1178 1166 1179 1302 1179 1157 1179 1166 1180 1157 1180 297 1180 1166 652 297 652 144 652 1166 652 144 652 325 652 1166 1181 325 1181 461 1181 1166 652 461 652 510 652 1166 652 510 652 511 652 1016 652 1136 652 295 652 295 652 1136 652 1308 652 295 652 1308 652 297 652 297 652 1308 652 144 652 690 1182 942 1182 314 1182 690 1183 314 1183 199 1183 690 1184 199 1184 40 1184 690 652 40 652 1296 652 690 1185 1296 1185 74 1185 690 1186 74 1186 114 1186 690 652 114 652 81 652 297 1187 1157 1187 455 1187 455 1188 1157 1188 1012 1188 455 652 1012 652 567 652 567 1189 1012 1189 921 1189 567 1190 921 1190 601 1190 601 652 921 652 893 652 601 1191 893 1191 562 1191 562 1192 893 1192 917 1192 562 652 917 652 448 652 448 1193 917 1193 1006 1193 448 652 1006 652 285 652 285 652 1006 652 1150 652 285 1194 1150 1194 40 1194 40 1195 1150 1195 1296 1195 942 652 664 652 390 652 942 1196 390 1196 444 1196 942 1197 444 1197 395 1197 942 652 395 652 284 652 942 1198 284 1198 133 1198 942 1199 133 1199 32 1199 942 652 32 652 192 652 942 1200 192 1200 308 1200 942 652 308 652 350 652 942 652 350 652 314 652 32 652 133 652 1271 652 1271 652 133 652 1319 652 1271 652 1319 652 89 652 89 652 1319 652 1197 652 89 652 1197 652 209 652 209 652 1197 652 1161 652 209 652 1161 652 240 652 240 652 1161 652 1192 652 240 652 1192 652 204 652 204 652 1192 652 1313 652 204 652 1313 652 84 652 84 652 1313 652 122 652 84 652 122 652 1262 652 1262 652 122 652 664 652 1262 652 664 652 782 652 782 652 664 652 24 652 782 1201 24 1201 1202 1201 275 1202 390 1202 664 1202 275 652 664 652 122 652 975 1203 1016 1203 295 1203 975 652 295 652 976 652 297 652 140 652 295 652 295 1204 140 1204 22 1204 295 1205 22 1205 797 1205 797 652 22 652 1325 652 797 1206 1325 1206 20 1206 797 1207 20 1207 134 1207 797 652 134 652 40 652 797 1208 40 1208 1212 1208 797 1209 1212 1209 1117 1209 797 1210 1117 1210 1079 1210 797 652 1079 652 512 652 512 652 1079 652 1112 652 512 1211 1112 1211 1208 1211 512 652 1208 652 32 652 512 1212 32 1212 1271 1212 512 1213 1271 1213 1126 1213 512 652 1126 652 1022 652 512 1214 1022 1214 979 1214 512 1215 979 1215 1017 1215 512 652 1017 652 782 652 1119 652 1262 652 782 652 1119 1216 782 1216 1017 1216 664 652 1130 652 177 652 664 1217 177 1217 287 1217 664 1218 287 1218 334 1218 664 652 334 652 294 652 664 1219 294 1219 184 1219 664 1220 184 1220 24 1220 1052 652 1097 652 782 652 782 1221 1097 1221 1198 1221 782 652 1198 652 243 652 243 1222 1198 1222 13 1222 243 652 13 652 1130 652 1130 1223 13 1223 177 1223 1101 652 1052 652 782 652 1101 1224 782 1224 1202 1224 243 652 1130 652 4 652 40 1225 134 1225 285 1225 897 1140 1099 1139 715 682 897 1140 715 682 503 681 522 686 570 685 842 1142 522 686 842 1142 800 1141 30 1144 965 1143 647 688 30 1144 647 688 992 687 855 1146 687 1145 338 692 855 1146 338 692 541 691 1164 1148 543 1147 170 696 1164 1148 170 696 863 695 788 1149 1164 1148 863 695 788 1149 863 695 482 700 543 1147 237 1150 1201 702 543 1147 1201 702 170 696 800 1141 869 1151 582 703 800 1141 582 703 522 686 237 1150 30 1144 992 687 237 1150 992 687 1201 702 647 688 965 1143 855 1146 647 688 855 1146 541 691 687 1145 897 1140 503 681 687 1145 503 681 338 692 66 1153 500 1152 466 706 66 1153 466 706 33 705 500 1152 1112 1154 1079 709 500 1152 1079 709 466 706 1242 1155 66 1153 33 705 1242 1155 33 705 1215 711 1183 713 1242 1155 1215 711 791 1156 842 1142 570 685 791 1156 570 685 509 714 518 1157 791 1156 509 714 518 1157 509 714 200 716 512 719 782 1158 518 1157 512 719 518 1157 200 716 387 1226 1017 1227 979 1228 387 1226 979 1228 354 1229 513 1161 1119 1160 1017 1227 513 1161 1017 1227 387 1226 240 993 907 992 880 1230 240 993 880 1230 209 1231 209 1231 880 1230 786 1232 209 1231 786 1232 89 1233 89 1233 786 1232 654 1234 89 1233 654 1234 1271 1235 516 1236 1126 1237 1271 1235 516 1236 1271 1235 654 1234 1126 1237 516 1236 389 1238 1126 1237 389 1238 1022 1239 1022 1239 389 1238 354 1229 1022 1239 354 1229 979 1228 1087 1240 1145 1241 1128 1242 1087 1240 1191 1169 1145 1241 1270 1170 1191 1169 1087 1240 1145 1241 1303 1243 1265 1244 1145 1241 1265 1244 1128 1242 1191 1169 61 1168 1303 1243 1191 1169 1303 1243 1145 1241 1303 1243 387 1226 354 1229 1303 1243 354 1229 1265 1244 61 1168 513 1161 387 1226 61 1168 387 1226 1303 1243 1270 1170 1087 1240 5 1171 67 1173 5 1171 1087 1240 90 1175 67 1173 1087 1240 90 1175 1087 1240 69 1245 69 1245 1087 1240 12 1246 12 1246 1087 1240 1276 1247 477 1176 90 1175 69 1245 477 1176 69 1245 436 1248 436 1248 69 1245 12 1246 436 1248 12 1246 340 1249 12 1246 1276 1247 207 1250 12 1246 207 1250 340 1249 907 992 477 1176 436 1248 907 992 436 1248 880 1230 340 1249 786 1232 880 1230 340 1249 880 1230 436 1248 340 1249 207 1250 654 1234 340 1249 654 1234 786 1232 1087 1240 1194 1251 1276 1247 1194 1251 1087 1240 1147 1252 1147 1252 1087 1240 1128 1242 1194 1251 64 1253 207 1250 1194 1251 207 1250 1276 1247 1194 1251 1147 1252 1310 1254 1194 1251 1310 1254 64 1253 1128 1242 1265 1244 1310 1254 1128 1242 1310 1254 1147 1252 64 1253 516 1236 654 1234 64 1253 654 1234 207 1250 1310 1254 389 1238 516 1236 1310 1254 516 1236 64 1253 1310 1254 1265 1244 354 1229 1310 1254 354 1229 389 1238 665 1255 164 1256 639 949 665 1255 639 949 1061 950 844 951 780 1257 539 1258 844 951 539 1258 611 952 684 0 573 0 700 0 684 0 700 0 480 0 684 0 480 0 362 0 684 0 362 0 234 0 684 1259 234 1259 1315 1259 684 1260 1315 1260 101 1260 684 1261 101 1261 1292 1261 684 1262 1292 1262 212 1262 684 0 212 0 323 0 684 0 323 0 442 0 1036 1263 1315 1264 234 1265 1036 1263 234 1265 1283 1266 191 1267 964 1268 1056 1269 191 1267 1056 1269 306 1270 631 1271 191 1267 306 1270 631 1271 306 1270 729 1272 964 1268 1231 1273 8 1274 964 1268 8 1274 1056 1269 180 1275 480 1276 700 1277 180 1275 700 1277 429 1278 425 1279 1045 1280 1155 1281 425 1279 1155 1281 545 1282 729 1283 1155 1283 1045 1283 729 1283 1045 1283 631 1283 873 1284 121 1285 238 1286 873 1284 238 1286 960 1287 121 1285 425 1279 545 1282 121 1285 545 1282 238 1286 960 1287 408 959 300 958 960 1287 300 958 873 1284 62 1288 362 1289 480 1276 62 1288 480 1276 180 1275 1283 1266 234 1265 362 1289 1283 1266 362 1289 62 1288 271 1290 573 1291 684 1292 271 1290 684 1292 406 1293 429 1278 700 1277 573 1291 429 1278 573 1291 271 1290 665 1255 603 1294 85 1295 665 1255 85 1295 164 1256 643 1296 868 1296 957 1296 643 127 957 127 1049 127 643 1297 1049 1297 1289 1297 643 1298 1289 1298 1143 1298 643 1299 1143 1299 1266 1299 643 1300 1266 1300 1024 1300 643 127 1024 127 927 127 643 1301 927 1301 837 1301 643 127 837 127 630 127 643 127 630 127 750 127 1046 1302 924 1303 1143 1304 1046 1302 1143 1304 1289 1305 924 1303 1034 1306 1266 1307 924 1303 1266 1307 1143 1304 655 1308 748 1309 957 1310 655 1308 957 1310 868 1311 748 1309 848 1312 1049 1313 748 1309 1049 1313 957 1310 848 1312 1046 1302 1289 1305 848 1312 1289 1305 1049 1313 399 1314 655 1308 868 1311 399 1314 868 1311 643 1315 780 1257 1094 1316 867 1317 780 1257 867 1317 539 1258 1245 1318 212 1319 1292 1320 1245 1318 1292 1320 1014 1321 27 1322 323 1323 212 1319 27 1322 212 1319 1245 1318 143 1324 442 1325 323 1323 143 1324 323 1323 27 1322 1159 1326 101 1327 1315 1264 1159 1326 1315 1264 1036 1263 694 1328 8 1274 1231 1273 694 1328 1231 1273 599 1329 824 1330 930 1331 1020 1332 824 1330 1020 1332 913 1333 930 1331 817 1334 908 1335 930 1331 908 1335 1020 1332 599 1329 947 1336 1041 1337 599 1329 1041 1337 694 1328 947 1336 824 1330 913 1333 947 1336 913 1333 1041 1337 1014 1321 1292 1320 101 1327 1014 1321 101 1327 1159 1326 406 1293 684 1292 442 1325 406 1293 442 1325 143 1324 475 1338 85 1295 603 1294 475 1338 603 1294 916 1339 1034 1306 820 1340 1024 1341 1034 1306 1024 1341 1266 1307 381 1342 536 1343 750 1344 381 1342 750 1344 630 1345 536 1343 399 1314 643 1315 536 1343 643 1315 750 1344 820 1340 720 1346 927 1347 820 1340 927 1347 1024 1341 720 1346 628 1348 837 1349 720 1346 837 1349 927 1347 628 1348 381 1342 630 1345 628 1348 630 1345 837 1349 474 1350 867 1317 1094 1316 474 1350 1094 1316 713 1351 1121 1352 330 1353 218 1354 1121 1352 218 1354 1018 1355 607 1356 908 1356 817 1356 607 1356 817 1356 498 1356 498 1357 63 1358 188 1359 498 1357 188 1359 607 1360 478 1361 218 1354 330 1353 478 1361 330 1353 586 1362 63 1358 478 1361 586 1362 63 1358 586 1362 188 1359 916 1339 535 1363 10 1364 916 1339 10 1364 475 1338 997 1365 474 1350 713 1351 997 1365 713 1351 1256 1366 585 1367 1193 1368 1316 1369 585 1367 1316 1369 680 1370 1193 1368 183 1371 298 1372 1193 1368 298 1372 1316 1369 529 1373 1121 1352 1018 1355 529 1373 1018 1355 413 1374 413 1374 585 1367 680 1370 413 1374 680 1370 529 1373 649 1375 298 1375 183 1375 649 1375 183 1375 549 1375 535 1363 1054 1376 635 1377 535 1363 635 1377 10 1364 1256 1366 374 1378 93 1379 1256 1366 93 1379 997 1365 677 0 781 0 985 0 677 0 985 0 891 0 677 0 891 0 1002 0 677 0 1002 0 803 0 677 0 803 0 706 0 677 0 706 0 811 0 677 0 811 0 1021 0 677 0 1021 0 914 0 677 0 914 0 1039 0 677 0 1039 0 833 0 526 1380 781 1381 677 1382 526 1380 677 1382 403 1383 558 1384 803 1385 1002 1386 558 1384 1002 1386 769 1387 1297 1388 900 1389 983 1390 1297 1388 983 1390 78 1391 900 1389 864 1392 948 1393 900 1389 948 1393 983 1390 864 1392 352 1394 472 1395 864 1392 472 1395 948 1393 549 1396 1297 1388 78 1391 549 1396 78 1391 649 1397 449 1398 706 1399 803 1385 449 1398 803 1385 558 1384 752 1400 985 1401 781 1381 752 1400 781 1381 526 1380 646 1402 891 1403 985 1401 646 1402 985 1401 752 1400 769 1387 1002 1386 891 1403 769 1387 891 1403 646 1402 371 1404 635 1377 1054 1376 371 1404 1054 1376 162 1405 1300 127 80 127 331 127 1300 1406 331 1406 182 1406 1300 1407 182 1407 318 1407 1300 127 318 127 46 127 1300 127 46 127 1261 127 1300 127 1261 127 210 127 1300 127 210 127 462 127 1300 1407 462 1407 307 1407 1300 1406 307 1406 439 1406 1300 127 439 127 174 127 76 1408 1258 1409 182 1410 76 1408 182 1410 331 1411 1258 1409 57 1412 318 1413 1258 1409 318 1413 182 1410 57 1412 1138 1414 46 1415 57 1412 46 1415 318 1413 310 1416 1168 1417 80 1418 310 1416 80 1418 1300 1419 1168 1417 76 1408 331 1411 1168 1417 331 1411 80 1418 1138 1414 345 1420 1261 1421 1138 1414 1261 1421 46 1415 845 1422 93 1379 374 1378 845 1422 374 1378 612 1423 1075 1424 833 1425 1039 1426 1075 1424 1039 1426 1321 1427 403 1383 677 1382 833 1425 403 1383 833 1425 1075 1424 1043 1428 1294 1429 1021 1430 1043 1428 1021 1430 811 1431 662 0 623 0 581 0 662 1432 581 1432 956 1432 662 1433 956 1433 517 1433 662 1434 517 1434 940 1434 662 1435 940 1435 552 1435 662 0 552 0 598 0 662 0 598 0 642 0 662 0 642 0 198 0 662 1436 198 1436 699 1436 662 1437 699 1437 217 1437 717 1438 272 1439 552 1440 717 1438 552 1440 940 1441 576 1442 472 1395 352 1394 576 1442 352 1394 666 1443 272 1439 328 1444 598 1445 272 1439 598 1445 552 1440 405 1446 364 1447 623 1448 405 1446 623 1448 662 1449 956 1450 581 1451 313 1452 956 1450 313 1452 736 1453 940 1441 517 472 239 473 940 1441 239 473 717 1438 581 1451 623 1448 364 1447 581 1451 364 1447 313 1452 517 472 956 1450 736 1453 517 472 736 1453 239 473 1169 1454 914 1455 1021 1430 1169 1454 1021 1430 1294 1429 1321 1427 1039 1426 914 1455 1321 1427 914 1455 1169 1454 1043 1428 811 1431 706 1399 1043 1428 706 1399 449 1398 1225 1456 371 1404 162 1405 1225 1456 162 1405 792 1457 796 127 515 127 1137 127 796 1458 1137 1458 173 1458 796 1459 173 1459 1122 1459 796 127 1122 127 493 127 796 127 493 127 771 127 796 127 771 127 1037 127 796 1460 1037 1460 391 1460 796 1461 391 1461 17 1461 796 1462 17 1462 410 1462 796 1463 410 1463 1051 1463 421 1464 310 1416 1300 1419 421 1464 1300 1419 174 1465 688 1466 559 1467 307 1468 688 1466 307 1468 462 1469 641 1470 265 1471 17 1472 641 1470 17 1472 391 1473 265 1471 650 1474 410 1475 265 1471 410 1475 17 1472 1269 1476 641 1470 391 1473 1269 1476 391 1473 1037 1477 650 1474 1293 1478 1051 1479 650 1474 1051 1479 410 1475 515 1480 796 1481 990 1482 515 1480 990 1482 731 1483 968 1484 1269 1476 1037 1477 968 1484 1037 1477 771 1485 1293 1478 990 1482 796 1481 1293 1478 796 1481 1051 1479 559 1467 667 1486 439 1487 559 1467 439 1487 307 1468 667 1486 421 1464 174 1465 667 1486 174 1465 439 1487 345 1420 463 1488 210 1489 345 1420 210 1489 1261 1421 463 1488 688 1466 462 1469 463 1488 462 1469 210 1489 1248 1490 194 1491 845 1422 1248 1490 845 1422 612 1423 662 1449 217 1492 1278 1493 662 1449 1278 1493 405 1446 1342 1494 397 1495 282 1496 1342 1494 282 1496 1217 1497 961 1498 1342 1494 1217 1497 961 1498 1217 1497 879 1499 602 1500 961 1498 879 1499 602 1500 879 1499 494 1501 888 1502 602 1502 494 1502 888 1503 494 1503 793 1503 666 1443 888 1504 793 1505 666 1443 793 1505 576 1442 198 1506 642 1507 377 1508 198 1506 377 1508 1254 1509 217 1492 699 422 451 423 217 1492 451 423 1278 1493 642 1507 598 1445 328 1444 642 1507 328 1444 377 1508 699 422 198 1506 1254 1509 699 422 1254 1509 451 423 632 1510 1225 1456 792 1457 632 1510 792 1457 123 1511 45 1512 420 1513 173 1514 45 1512 173 1514 1137 1515 420 1513 29 1516 1122 1517 420 1513 1122 1517 173 1514 731 1483 45 1512 1137 1515 731 1483 1137 1515 515 1480 29 1516 709 1518 493 1519 29 1516 493 1519 1122 1517 709 1518 968 1484 771 1485 709 1518 771 1485 493 1519 531 1520 194 1491 1248 1490 531 1520 1248 1490 246 1521 397 1495 785 1522 685 1523 397 1495 685 1523 282 1496 785 1522 739 1524 645 1525 785 1522 645 1525 685 1523 739 1524 742 1526 652 1527 739 1524 652 1527 645 1525 742 1528 723 1528 627 1528 742 1529 627 1529 652 1529 723 1530 831 1531 738 1532 723 1530 738 1532 627 1533 757 1534 68 1535 190 1536 757 1534 190 1536 858 1537 831 1531 712 1538 619 1539 831 1531 619 1539 738 1532 712 1538 190 1536 68 1535 712 1538 68 1535 619 1539 123 1511 471 1540 911 1541 123 1511 911 1541 632 1510 1338 1542 531 1520 246 1521 1338 1542 246 1521 1065 1543 447 0 193 0 77 0 447 0 77 0 1295 0 447 1262 1295 1262 1044 1262 447 1261 1044 1261 1170 1261 447 1260 1170 1260 1030 1260 447 1259 1030 1259 1259 1259 447 0 1259 0 39 0 447 0 39 0 156 0 447 0 156 0 419 0 447 0 419 0 293 0 489 1544 193 1545 447 1546 489 1544 447 1546 705 1547 369 1548 77 1549 193 1545 369 1548 193 1545 489 1544 245 1550 1295 1551 77 1549 245 1550 77 1549 369 1548 1331 1552 1044 1553 1295 1551 1331 1552 1295 1551 245 1550 858 1537 396 1554 279 1555 858 1537 279 1555 757 1534 117 1556 1170 1557 1044 1553 117 1556 1044 1553 1331 1552 1309 1558 1030 1559 1170 1557 1309 1558 1170 1557 117 1556 458 1560 911 1541 471 1540 458 1560 471 1540 1263 1561 453 127 596 127 473 127 453 127 473 127 703 127 453 1301 703 1301 801 1301 453 127 801 127 899 127 453 1300 899 1300 1105 1300 453 1299 1105 1299 970 1299 453 1298 970 1298 1091 1298 453 1297 1091 1297 876 1297 453 127 876 127 774 127 453 1296 774 1296 675 1296 679 1562 804 1563 596 1564 679 1562 596 1564 453 1565 804 1563 697 1566 473 1567 804 1563 473 1567 596 1564 697 1566 910 1568 703 1569 697 1566 703 1569 473 1567 910 1568 1004 1570 801 1571 910 1568 801 1571 703 1569 1004 1570 1108 1572 899 1573 1004 1570 899 1573 801 1571 1108 1572 3 1574 1105 1575 1108 1572 1105 1575 899 1573 1065 1543 980 1576 1237 1577 1065 1543 1237 1577 1338 1542 695 1578 419 1579 156 1580 695 1578 156 1580 460 1581 569 0 918 0 902 0 902 0 918 0 718 0 902 0 718 0 1131 0 1131 0 718 0 267 0 1131 0 267 0 1252 0 1252 0 267 0 930 0 1252 0 930 0 824 0 1252 0 824 0 1124 0 1124 0 824 0 947 0 1124 0 947 0 1268 0 1268 0 947 0 599 0 1268 0 599 0 856 0 856 0 599 0 1231 0 856 0 1231 0 149 0 149 0 1231 0 964 0 149 0 964 0 1188 0 1188 0 964 0 191 0 1188 0 191 0 441 0 441 0 191 0 631 0 441 0 631 0 836 0 836 0 631 0 1045 0 836 0 1045 0 1280 0 1280 0 1045 0 425 0 1280 0 425 0 653 0 653 0 425 0 121 0 653 0 121 0 349 0 349 0 121 0 873 0 349 0 873 0 1038 0 1038 0 873 0 300 0 1038 0 300 0 450 0 450 0 300 0 263 0 450 0 263 0 361 0 930 0 1018 0 817 0 817 0 1018 0 218 0 817 1582 218 1582 498 1582 498 0 218 0 478 0 498 0 478 0 63 0 930 0 267 0 1018 0 1018 0 267 0 982 0 1018 0 982 0 413 0 413 0 982 0 1142 0 413 0 1142 0 585 0 585 0 1142 0 521 0 585 0 521 0 1193 0 1193 0 521 0 784 0 1193 0 784 0 183 0 183 0 784 0 994 0 183 0 994 0 549 0 549 0 994 0 508 0 549 0 508 0 1297 0 1297 0 508 0 49 0 1297 0 49 0 900 0 900 0 49 0 1340 0 900 0 1340 0 864 0 864 0 1340 0 850 0 864 0 850 0 352 0 352 0 850 0 153 0 352 0 153 0 666 0 666 0 153 0 378 0 666 1583 378 1583 479 1583 888 0 666 0 479 0 888 1584 479 1584 870 1584 888 0 870 0 50 0 888 0 50 0 11 0 888 0 11 0 602 0 915 0 839 0 730 0 730 0 839 0 1200 0 730 0 1200 0 1066 0 1066 0 1200 0 189 0 1066 0 189 0 19 0 19 0 189 0 861 0 19 0 861 0 710 0 710 0 861 0 963 0 710 0 963 0 828 0 828 0 963 0 396 0 828 0 396 0 119 0 119 0 396 0 858 0 119 0 858 0 523 0 523 0 858 0 190 0 523 0 190 0 1104 0 1104 0 190 0 712 0 1104 0 712 0 320 0 320 0 712 0 831 0 320 0 831 0 456 0 456 0 831 0 1342 0 456 0 1342 0 795 0 795 0 1342 0 961 0 795 0 961 0 437 0 437 0 961 0 602 0 437 0 602 0 11 0 317 1585 456 1585 795 1585 317 0 795 0 1133 0 317 0 1133 0 232 0 317 0 232 0 269 0 739 0 785 0 742 0 742 0 785 0 397 0 742 1586 397 1586 723 1586 723 0 397 0 1342 0 723 1587 1342 1587 831 1587 269 0 232 0 225 0 963 1283 861 1283 759 1283 963 1283 759 1283 882 1283 583 1588 293 1589 419 1579 583 1588 419 1579 695 1578 705 1547 447 1546 293 1589 705 1547 293 1589 583 1588 223 1590 1259 1591 1030 1559 223 1590 1030 1559 1309 1558 882 1592 279 1555 396 1554 882 1592 396 1554 963 1593 336 1594 39 1595 1259 1591 336 1594 1259 1591 223 1590 460 1581 156 1580 39 1595 460 1581 39 1595 336 1594 1176 1596 357 1597 458 1560 1176 1596 458 1560 1263 1561 1081 1598 972 1599 774 1600 1081 1598 774 1600 876 1601 972 1599 895 1602 675 1603 972 1599 675 1603 774 1600 895 1602 679 1562 453 1565 895 1602 453 1565 675 1603 3 1574 1196 1604 970 1605 3 1574 970 1605 1105 1575 1196 1604 1334 1606 1091 1607 1196 1604 1091 1607 970 1605 1334 1606 1081 1598 876 1601 1334 1606 876 1601 1091 1607 203 154 1237 1577 980 1576 203 154 980 1576 1253 151 861 1608 189 1609 65 1610 861 1608 65 1610 759 1611 189 1609 1200 1612 1096 1613 189 1609 1096 1613 65 1610 1200 1612 839 1614 741 1615 1200 1612 741 1615 1096 1613 825 165 741 1615 839 1614 825 165 839 1614 915 164 640 172 357 1597 1176 1596 640 172 1176 1596 131 173</p>
        </triangles>
        <triangles material="Nr10003498_0Mat1-material" count="48">
          <input semantic="VERTEX" source="#_SCHUNK-1324513_F-mesh-vertices" offset="0"/>
          <input semantic="NORMAL" source="#_SCHUNK-1324513_F-mesh-normals" offset="1"/>
          <p>1129 1616 1057 1617 82 1618 1129 1616 82 1618 146 1619 1187 1620 1120 1621 1057 1617 1187 1620 1057 1617 1129 1616 1140 1622 1077 1623 1120 1621 1140 1622 1120 1621 1187 1620 268 1624 211 1625 1077 1623 268 1624 1077 1623 1140 1622 502 1626 433 1627 211 1625 502 1626 211 1625 268 1624 777 1628 830 1629 433 1627 777 1628 433 1627 502 1626 621 1630 681 1631 830 1629 621 1630 830 1629 777 1628 339 1632 401 1633 681 1631 339 1632 681 1631 621 1630 1092 1634 1158 1635 401 1633 1092 1634 401 1633 339 1632 1005 1636 1063 1637 1158 1635 1005 1636 1158 1635 1092 1634 819 1638 884 1639 1063 1637 819 1638 1063 1637 1005 1636 962 1640 1019 1641 884 1639 962 1640 884 1639 819 1638 663 1642 724 1643 1019 1641 663 1642 1019 1641 962 1640 716 1644 778 1645 724 1643 716 1644 724 1643 663 1642 673 1646 732 1647 778 1645 673 1646 778 1645 716 1644 1068 1648 1134 1649 732 1647 1068 1648 732 1647 673 1646 1285 1650 7 1651 1134 1649 1285 1650 1134 1649 1068 1648 99 1652 176 1653 7 1651 99 1652 7 1651 1285 1650 1082 1654 1015 1655 176 1653 1082 1654 176 1653 99 1652 835 1656 783 1657 1015 1655 835 1656 1015 1655 1082 1654 301 1658 228 1659 783 1657 301 1658 783 1657 835 1656 206 1660 135 1661 228 1659 206 1660 228 1659 301 1658 1304 1662 1230 1663 135 1661 1304 1662 135 1661 206 1660 146 1619 82 1618 1230 1663 146 1619 1230 1663 1304 1662</p>
        </triangles>
      </mesh>
    </geometry>
  </library_geometries>
  <library_visual_scenes>
    <visual_scene id="Scene" name="Scene">
      <node id="_SCHUNK-1324513_F10003498_0" name="_SCHUNK-1324513_F10003498_0" type="NODE">
        <matrix sid="transform">-4.37114e-11 -0.001 2.38419e-10 0 0.001 -4.37114e-11 0 0 0 2.38419e-10 0.001 0.0254 0 0 0 1</matrix>
        <instance_geometry url="#_SCHUNK-1324513_F-mesh" name="_SCHUNK-1324513_F10003498_0">
          <bind_material>
            <technique_common>
              <instance_material symbol="Nr10003498_0Mat0-material" target="#Nr10003498_0Mat0-material"/>
              <instance_material symbol="Nr10003498_0Mat1-material" target="#Nr10003498_0Mat1-material"/>
            </technique_common>
          </bind_material>
        </instance_geometry>
      </node>
    </visual_scene>
  </library_visual_scenes>
  <scene>
    <instance_visual_scene url="#Scene"/>
  </scene>
</COLLADA>